--
-- PostgreSQL database dump
--

SET statement_timeout = 0;
SET lock_timeout = 0;
SET client_encoding = 'UTF8';
SET standard_conforming_strings = on;
SET check_function_bodies = false;
SET client_min_messages = warning;

--
-- Name: plpgsql; Type: EXTENSION; Schema: -; Owner: 
--

CREATE EXTENSION IF NOT EXISTS plpgsql WITH SCHEMA pg_catalog;


--
-- Name: EXTENSION plpgsql; Type: COMMENT; Schema: -; Owner: 
--

COMMENT ON EXTENSION plpgsql IS 'PL/pgSQL procedural language';


SET search_path = public, pg_catalog;

SET default_tablespace = '';

SET default_with_oids = false;

--
-- Name: Coldeportes_dedicacion; Type: TABLE; Schema: public; Owner: anderojas; Tablespace: 
--

CREATE TABLE "Coldeportes_dedicacion" (
    id integer NOT NULL,
    dedicacion character varying(50) NOT NULL
);


ALTER TABLE "Coldeportes_dedicacion" OWNER TO anderojas;

--
-- Name: Coldeportes_dedicacion_id_seq; Type: SEQUENCE; Schema: public; Owner: anderojas
--

CREATE SEQUENCE "Coldeportes_dedicacion_id_seq"
    START WITH 1
    INCREMENT BY 1
    NO MINVALUE
    NO MAXVALUE
    CACHE 1;


ALTER TABLE "Coldeportes_dedicacion_id_seq" OWNER TO anderojas;

--
-- Name: Coldeportes_dedicacion_id_seq; Type: SEQUENCE OWNED BY; Schema: public; Owner: anderojas
--

ALTER SEQUENCE "Coldeportes_dedicacion_id_seq" OWNED BY "Coldeportes_dedicacion".id;


--
-- Name: Coldeportes_dedicacionentidad; Type: TABLE; Schema: public; Owner: anderojas; Tablespace: 
--

CREATE TABLE "Coldeportes_dedicacionentidad" (
    id integer NOT NULL,
    dedicacion_id integer NOT NULL,
    entidad_id character varying(200) NOT NULL
);


ALTER TABLE "Coldeportes_dedicacionentidad" OWNER TO anderojas;

--
-- Name: Coldeportes_dedicacionentidad_id_seq; Type: SEQUENCE; Schema: public; Owner: anderojas
--

CREATE SEQUENCE "Coldeportes_dedicacionentidad_id_seq"
    START WITH 1
    INCREMENT BY 1
    NO MINVALUE
    NO MAXVALUE
    CACHE 1;


ALTER TABLE "Coldeportes_dedicacionentidad_id_seq" OWNER TO anderojas;

--
-- Name: Coldeportes_dedicacionentidad_id_seq; Type: SEQUENCE OWNED BY; Schema: public; Owner: anderojas
--

ALTER SEQUENCE "Coldeportes_dedicacionentidad_id_seq" OWNED BY "Coldeportes_dedicacionentidad".id;


--
-- Name: Coldeportes_deportistas; Type: TABLE; Schema: public; Owner: anderojas; Tablespace: 
--

CREATE TABLE "Coldeportes_deportistas" (
    nombre character varying(30) NOT NULL,
    doc_identidad bigint NOT NULL,
    fecha_nacim date NOT NULL,
    lugar_nacim character varying(20) NOT NULL,
    deporte character varying(20) NOT NULL,
    estado boolean NOT NULL,
    categoria character varying(10) NOT NULL,
    tipo_asociado smallint NOT NULL,
    entidad_id character varying(200),
    tipo_documento smallint,
    ranking_internacional integer,
    ranking_nacional integer
);


ALTER TABLE "Coldeportes_deportistas" OWNER TO anderojas;

--
-- Name: Coldeportes_entidad; Type: TABLE; Schema: public; Owner: anderojas; Tablespace: 
--

CREATE TABLE "Coldeportes_entidad" (
    codigo character varying(200) NOT NULL,
    nombre character varying(200) NOT NULL,
    tipo smallint NOT NULL,
    estado boolean NOT NULL,
    caracter_economico smallint NOT NULL,
    telefono bigint NOT NULL,
    correo character varying(254) NOT NULL,
    cc_representante_legal character varying(20) NOT NULL,
    nombre_representante_legal character varying(30) NOT NULL,
    ubicacion_id integer,
    usuario_id integer,
    direccion character varying(50) NOT NULL
);


ALTER TABLE "Coldeportes_entidad" OWNER TO anderojas;

--
-- Name: Coldeportes_escenarios; Type: TABLE; Schema: public; Owner: anderojas; Tablespace: 
--

CREATE TABLE "Coldeportes_escenarios" (
    codigo character varying(200) NOT NULL,
    nombre character varying(400) NOT NULL,
    estado boolean NOT NULL,
    entidad_id character varying(200) NOT NULL,
    direccion character varying(50),
    tipo_id integer,
    ubicacion_id integer,
    actividad character varying(100),
    capacidad_deportistas integer NOT NULL,
    capacidad_publico bigint NOT NULL,
    escala smallint NOT NULL,
    descripcion character varying(2000)
);


ALTER TABLE "Coldeportes_escenarios" OWNER TO anderojas;

--
-- Name: Coldeportes_ubicacion; Type: TABLE; Schema: public; Owner: anderojas; Tablespace: 
--

CREATE TABLE "Coldeportes_ubicacion" (
    codigo integer NOT NULL,
    departamento character varying(30) NOT NULL,
    municipio character varying(100) NOT NULL
);


ALTER TABLE "Coldeportes_ubicacion" OWNER TO anderojas;

--
-- Name: Coldeportes_ubicacion_codigo_seq; Type: SEQUENCE; Schema: public; Owner: anderojas
--

CREATE SEQUENCE "Coldeportes_ubicacion_codigo_seq"
    START WITH 1
    INCREMENT BY 1
    NO MINVALUE
    NO MAXVALUE
    CACHE 1;


ALTER TABLE "Coldeportes_ubicacion_codigo_seq" OWNER TO anderojas;

--
-- Name: Coldeportes_ubicacion_codigo_seq; Type: SEQUENCE OWNED BY; Schema: public; Owner: anderojas
--

ALTER SEQUENCE "Coldeportes_ubicacion_codigo_seq" OWNED BY "Coldeportes_ubicacion".codigo;


--
-- Name: auth_group; Type: TABLE; Schema: public; Owner: anderojas; Tablespace: 
--

CREATE TABLE auth_group (
    id integer NOT NULL,
    name character varying(80) NOT NULL
);


ALTER TABLE auth_group OWNER TO anderojas;

--
-- Name: auth_group_id_seq; Type: SEQUENCE; Schema: public; Owner: anderojas
--

CREATE SEQUENCE auth_group_id_seq
    START WITH 1
    INCREMENT BY 1
    NO MINVALUE
    NO MAXVALUE
    CACHE 1;


ALTER TABLE auth_group_id_seq OWNER TO anderojas;

--
-- Name: auth_group_id_seq; Type: SEQUENCE OWNED BY; Schema: public; Owner: anderojas
--

ALTER SEQUENCE auth_group_id_seq OWNED BY auth_group.id;


--
-- Name: auth_group_permissions; Type: TABLE; Schema: public; Owner: anderojas; Tablespace: 
--

CREATE TABLE auth_group_permissions (
    id integer NOT NULL,
    group_id integer NOT NULL,
    permission_id integer NOT NULL
);


ALTER TABLE auth_group_permissions OWNER TO anderojas;

--
-- Name: auth_group_permissions_id_seq; Type: SEQUENCE; Schema: public; Owner: anderojas
--

CREATE SEQUENCE auth_group_permissions_id_seq
    START WITH 1
    INCREMENT BY 1
    NO MINVALUE
    NO MAXVALUE
    CACHE 1;


ALTER TABLE auth_group_permissions_id_seq OWNER TO anderojas;

--
-- Name: auth_group_permissions_id_seq; Type: SEQUENCE OWNED BY; Schema: public; Owner: anderojas
--

ALTER SEQUENCE auth_group_permissions_id_seq OWNED BY auth_group_permissions.id;


--
-- Name: auth_permission; Type: TABLE; Schema: public; Owner: anderojas; Tablespace: 
--

CREATE TABLE auth_permission (
    id integer NOT NULL,
    name character varying(255) NOT NULL,
    content_type_id integer NOT NULL,
    codename character varying(100) NOT NULL
);


ALTER TABLE auth_permission OWNER TO anderojas;

--
-- Name: auth_permission_id_seq; Type: SEQUENCE; Schema: public; Owner: anderojas
--

CREATE SEQUENCE auth_permission_id_seq
    START WITH 1
    INCREMENT BY 1
    NO MINVALUE
    NO MAXVALUE
    CACHE 1;


ALTER TABLE auth_permission_id_seq OWNER TO anderojas;

--
-- Name: auth_permission_id_seq; Type: SEQUENCE OWNED BY; Schema: public; Owner: anderojas
--

ALTER SEQUENCE auth_permission_id_seq OWNED BY auth_permission.id;


--
-- Name: auth_user; Type: TABLE; Schema: public; Owner: anderojas; Tablespace: 
--

CREATE TABLE auth_user (
    id integer NOT NULL,
    password character varying(128) NOT NULL,
    last_login timestamp with time zone,
    is_superuser boolean NOT NULL,
    username character varying(30) NOT NULL,
    first_name character varying(30) NOT NULL,
    last_name character varying(30) NOT NULL,
    email character varying(254) NOT NULL,
    is_staff boolean NOT NULL,
    is_active boolean NOT NULL,
    date_joined timestamp with time zone NOT NULL
);


ALTER TABLE auth_user OWNER TO anderojas;

--
-- Name: auth_user_groups; Type: TABLE; Schema: public; Owner: anderojas; Tablespace: 
--

CREATE TABLE auth_user_groups (
    id integer NOT NULL,
    user_id integer NOT NULL,
    group_id integer NOT NULL
);


ALTER TABLE auth_user_groups OWNER TO anderojas;

--
-- Name: auth_user_groups_id_seq; Type: SEQUENCE; Schema: public; Owner: anderojas
--

CREATE SEQUENCE auth_user_groups_id_seq
    START WITH 1
    INCREMENT BY 1
    NO MINVALUE
    NO MAXVALUE
    CACHE 1;


ALTER TABLE auth_user_groups_id_seq OWNER TO anderojas;

--
-- Name: auth_user_groups_id_seq; Type: SEQUENCE OWNED BY; Schema: public; Owner: anderojas
--

ALTER SEQUENCE auth_user_groups_id_seq OWNED BY auth_user_groups.id;


--
-- Name: auth_user_id_seq; Type: SEQUENCE; Schema: public; Owner: anderojas
--

CREATE SEQUENCE auth_user_id_seq
    START WITH 1
    INCREMENT BY 1
    NO MINVALUE
    NO MAXVALUE
    CACHE 1;


ALTER TABLE auth_user_id_seq OWNER TO anderojas;

--
-- Name: auth_user_id_seq; Type: SEQUENCE OWNED BY; Schema: public; Owner: anderojas
--

ALTER SEQUENCE auth_user_id_seq OWNED BY auth_user.id;


--
-- Name: auth_user_user_permissions; Type: TABLE; Schema: public; Owner: anderojas; Tablespace: 
--

CREATE TABLE auth_user_user_permissions (
    id integer NOT NULL,
    user_id integer NOT NULL,
    permission_id integer NOT NULL
);


ALTER TABLE auth_user_user_permissions OWNER TO anderojas;

--
-- Name: auth_user_user_permissions_id_seq; Type: SEQUENCE; Schema: public; Owner: anderojas
--

CREATE SEQUENCE auth_user_user_permissions_id_seq
    START WITH 1
    INCREMENT BY 1
    NO MINVALUE
    NO MAXVALUE
    CACHE 1;


ALTER TABLE auth_user_user_permissions_id_seq OWNER TO anderojas;

--
-- Name: auth_user_user_permissions_id_seq; Type: SEQUENCE OWNED BY; Schema: public; Owner: anderojas
--

ALTER SEQUENCE auth_user_user_permissions_id_seq OWNED BY auth_user_user_permissions.id;


--
-- Name: django_admin_log; Type: TABLE; Schema: public; Owner: anderojas; Tablespace: 
--

CREATE TABLE django_admin_log (
    id integer NOT NULL,
    action_time timestamp with time zone NOT NULL,
    object_id text,
    object_repr character varying(200) NOT NULL,
    action_flag smallint NOT NULL,
    change_message text NOT NULL,
    content_type_id integer,
    user_id integer NOT NULL,
    CONSTRAINT django_admin_log_action_flag_check CHECK ((action_flag >= 0))
);


ALTER TABLE django_admin_log OWNER TO anderojas;

--
-- Name: django_admin_log_id_seq; Type: SEQUENCE; Schema: public; Owner: anderojas
--

CREATE SEQUENCE django_admin_log_id_seq
    START WITH 1
    INCREMENT BY 1
    NO MINVALUE
    NO MAXVALUE
    CACHE 1;


ALTER TABLE django_admin_log_id_seq OWNER TO anderojas;

--
-- Name: django_admin_log_id_seq; Type: SEQUENCE OWNED BY; Schema: public; Owner: anderojas
--

ALTER SEQUENCE django_admin_log_id_seq OWNED BY django_admin_log.id;


--
-- Name: django_content_type; Type: TABLE; Schema: public; Owner: anderojas; Tablespace: 
--

CREATE TABLE django_content_type (
    id integer NOT NULL,
    app_label character varying(100) NOT NULL,
    model character varying(100) NOT NULL
);


ALTER TABLE django_content_type OWNER TO anderojas;

--
-- Name: django_content_type_id_seq; Type: SEQUENCE; Schema: public; Owner: anderojas
--

CREATE SEQUENCE django_content_type_id_seq
    START WITH 1
    INCREMENT BY 1
    NO MINVALUE
    NO MAXVALUE
    CACHE 1;


ALTER TABLE django_content_type_id_seq OWNER TO anderojas;

--
-- Name: django_content_type_id_seq; Type: SEQUENCE OWNED BY; Schema: public; Owner: anderojas
--

ALTER SEQUENCE django_content_type_id_seq OWNED BY django_content_type.id;


--
-- Name: django_migrations; Type: TABLE; Schema: public; Owner: anderojas; Tablespace: 
--

CREATE TABLE django_migrations (
    id integer NOT NULL,
    app character varying(255) NOT NULL,
    name character varying(255) NOT NULL,
    applied timestamp with time zone NOT NULL
);


ALTER TABLE django_migrations OWNER TO anderojas;

--
-- Name: django_migrations_id_seq; Type: SEQUENCE; Schema: public; Owner: anderojas
--

CREATE SEQUENCE django_migrations_id_seq
    START WITH 1
    INCREMENT BY 1
    NO MINVALUE
    NO MAXVALUE
    CACHE 1;


ALTER TABLE django_migrations_id_seq OWNER TO anderojas;

--
-- Name: django_migrations_id_seq; Type: SEQUENCE OWNED BY; Schema: public; Owner: anderojas
--

ALTER SEQUENCE django_migrations_id_seq OWNED BY django_migrations.id;


--
-- Name: django_session; Type: TABLE; Schema: public; Owner: anderojas; Tablespace: 
--

CREATE TABLE django_session (
    session_key character varying(40) NOT NULL,
    session_data text NOT NULL,
    expire_date timestamp with time zone NOT NULL
);


ALTER TABLE django_session OWNER TO anderojas;

--
-- Name: django_site; Type: TABLE; Schema: public; Owner: anderojas; Tablespace: 
--

CREATE TABLE django_site (
    id integer NOT NULL,
    domain character varying(100) NOT NULL,
    name character varying(50) NOT NULL
);


ALTER TABLE django_site OWNER TO anderojas;

--
-- Name: django_site_id_seq; Type: SEQUENCE; Schema: public; Owner: anderojas
--

CREATE SEQUENCE django_site_id_seq
    START WITH 1
    INCREMENT BY 1
    NO MINVALUE
    NO MAXVALUE
    CACHE 1;


ALTER TABLE django_site_id_seq OWNER TO anderojas;

--
-- Name: django_site_id_seq; Type: SEQUENCE OWNED BY; Schema: public; Owner: anderojas
--

ALTER SEQUENCE django_site_id_seq OWNED BY django_site.id;


--
-- Name: noticias_noticias; Type: TABLE; Schema: public; Owner: anderojas; Tablespace: 
--

CREATE TABLE noticias_noticias (
    codigo character varying(20) NOT NULL,
    titulo character varying(100) NOT NULL,
    fecha date NOT NULL,
    imagen character varying(100) NOT NULL,
    contenido character varying(10000) NOT NULL,
    estado boolean NOT NULL,
    entidad_id character varying(200)
);


ALTER TABLE noticias_noticias OWNER TO anderojas;

--
-- Name: id; Type: DEFAULT; Schema: public; Owner: anderojas
--

ALTER TABLE ONLY "Coldeportes_dedicacion" ALTER COLUMN id SET DEFAULT nextval('"Coldeportes_dedicacion_id_seq"'::regclass);


--
-- Name: id; Type: DEFAULT; Schema: public; Owner: anderojas
--

ALTER TABLE ONLY "Coldeportes_dedicacionentidad" ALTER COLUMN id SET DEFAULT nextval('"Coldeportes_dedicacionentidad_id_seq"'::regclass);


--
-- Name: codigo; Type: DEFAULT; Schema: public; Owner: anderojas
--

ALTER TABLE ONLY "Coldeportes_ubicacion" ALTER COLUMN codigo SET DEFAULT nextval('"Coldeportes_ubicacion_codigo_seq"'::regclass);


--
-- Name: id; Type: DEFAULT; Schema: public; Owner: anderojas
--

ALTER TABLE ONLY auth_group ALTER COLUMN id SET DEFAULT nextval('auth_group_id_seq'::regclass);


--
-- Name: id; Type: DEFAULT; Schema: public; Owner: anderojas
--

ALTER TABLE ONLY auth_group_permissions ALTER COLUMN id SET DEFAULT nextval('auth_group_permissions_id_seq'::regclass);


--
-- Name: id; Type: DEFAULT; Schema: public; Owner: anderojas
--

ALTER TABLE ONLY auth_permission ALTER COLUMN id SET DEFAULT nextval('auth_permission_id_seq'::regclass);


--
-- Name: id; Type: DEFAULT; Schema: public; Owner: anderojas
--

ALTER TABLE ONLY auth_user ALTER COLUMN id SET DEFAULT nextval('auth_user_id_seq'::regclass);


--
-- Name: id; Type: DEFAULT; Schema: public; Owner: anderojas
--

ALTER TABLE ONLY auth_user_groups ALTER COLUMN id SET DEFAULT nextval('auth_user_groups_id_seq'::regclass);


--
-- Name: id; Type: DEFAULT; Schema: public; Owner: anderojas
--

ALTER TABLE ONLY auth_user_user_permissions ALTER COLUMN id SET DEFAULT nextval('auth_user_user_permissions_id_seq'::regclass);


--
-- Name: id; Type: DEFAULT; Schema: public; Owner: anderojas
--

ALTER TABLE ONLY django_admin_log ALTER COLUMN id SET DEFAULT nextval('django_admin_log_id_seq'::regclass);


--
-- Name: id; Type: DEFAULT; Schema: public; Owner: anderojas
--

ALTER TABLE ONLY django_content_type ALTER COLUMN id SET DEFAULT nextval('django_content_type_id_seq'::regclass);


--
-- Name: id; Type: DEFAULT; Schema: public; Owner: anderojas
--

ALTER TABLE ONLY django_migrations ALTER COLUMN id SET DEFAULT nextval('django_migrations_id_seq'::regclass);


--
-- Name: id; Type: DEFAULT; Schema: public; Owner: anderojas
--

ALTER TABLE ONLY django_site ALTER COLUMN id SET DEFAULT nextval('django_site_id_seq'::regclass);


--
-- Data for Name: Coldeportes_dedicacion; Type: TABLE DATA; Schema: public; Owner: anderojas
--

COPY "Coldeportes_dedicacion" (id, dedicacion) FROM stdin;
1	Deporte
2	Educación física
3	Educación extraescolar
4	Aprovechamiento del tiempo libre
5	Recreación
\.


--
-- Name: Coldeportes_dedicacion_id_seq; Type: SEQUENCE SET; Schema: public; Owner: anderojas
--

SELECT pg_catalog.setval('"Coldeportes_dedicacion_id_seq"', 5, true);


--
-- Data for Name: Coldeportes_dedicacionentidad; Type: TABLE DATA; Schema: public; Owner: anderojas
--

COPY "Coldeportes_dedicacionentidad" (id, dedicacion_id, entidad_id) FROM stdin;
24	1	Indervalle
25	2	Indervalle
26	5	Indervalle
61	1	coldeportes
62	2	coldeportes
\.


--
-- Name: Coldeportes_dedicacionentidad_id_seq; Type: SEQUENCE SET; Schema: public; Owner: anderojas
--

SELECT pg_catalog.setval('"Coldeportes_dedicacionentidad_id_seq"', 62, true);


--
-- Data for Name: Coldeportes_deportistas; Type: TABLE DATA; Schema: public; Owner: anderojas
--

COPY "Coldeportes_deportistas" (nombre, doc_identidad, fecha_nacim, lugar_nacim, deporte, estado, categoria, tipo_asociado, entidad_id, tipo_documento, ranking_internacional, ranking_nacional) FROM stdin;
\.


--
-- Data for Name: Coldeportes_entidad; Type: TABLE DATA; Schema: public; Owner: anderojas
--

COPY "Coldeportes_entidad" (codigo, nombre, tipo, estado, caracter_economico, telefono, correo, cc_representante_legal, nombre_representante_legal, ubicacion_id, usuario_id, direccion) FROM stdin;
Indervalle	Instituto del deporte, la educación física y la recreación del Valle del Cauca	1	t	2	5569242	comunicaciones@indervalle.gov.co	12345677	Ramiro Arias	1004	8	Carrera 36 # 5 - 65
coldeportes	Departamento Administrativo del Deporte, la Recreacion, la Actividad Fisica y el Aprovechamiento del Tiempo Libre	0	t	2	14377030	informacion@coldeportes.gov.co	11111111	aaaaaaaaa	1121	2	Av carrera 68 # 52-46
\.


--
-- Data for Name: Coldeportes_escenarios; Type: TABLE DATA; Schema: public; Owner: anderojas
--

COPY "Coldeportes_escenarios" (codigo, nombre, estado, entidad_id, direccion, tipo_id, ubicacion_id, actividad, capacidad_deportistas, capacidad_publico, escala, descripcion) FROM stdin;
IndervalleVelódromoAlcidesNietoPatiñoCiclismodepista	Velódromo Alcides Nieto Patiño	t	Indervalle	Carrera 54 Oeste # 3-50	1	1004	Ciclismo de pista	25	8000	7	Escenario para la práctica de ciclismo de pista a nivel internacional
\.


--
-- Data for Name: Coldeportes_ubicacion; Type: TABLE DATA; Schema: public; Owner: anderojas
--

COPY "Coldeportes_ubicacion" (codigo, departamento, municipio) FROM stdin;
1	ANTIOQUIA	MEDELLIN
2	ANTIOQUIA	ABEJORRAL
3	ANTIOQUIA	ABRIAQUI
4	ANTIOQUIA	ALEJANDRIA
5	ANTIOQUIA	AMAGA
6	ANTIOQUIA	AMALFI
7	ANTIOQUIA	ANDES
8	ANTIOQUIA	ANGELOPOLIS
9	ANTIOQUIA	ANGOSTURA
10	ANTIOQUIA	ANORI
11	ANTIOQUIA	SANTAFE DE ANTIOQUIA
12	ANTIOQUIA	ANZA
13	ANTIOQUIA	APARTADO
14	ANTIOQUIA	ARBOLETES
15	ANTIOQUIA	ARGELIA
16	ANTIOQUIA	ARMENIA
17	ANTIOQUIA	BARBOSA
18	ANTIOQUIA	BELMIRA
19	ANTIOQUIA	BELLO
20	ANTIOQUIA	BETANIA
21	ANTIOQUIA	BETULIA
22	ANTIOQUIA	CIUDAD BOLIVAR
23	ANTIOQUIA	BRICEÑO
24	ANTIOQUIA	BURITICA
25	ANTIOQUIA	CACERES
26	ANTIOQUIA	CAICEDO
27	ANTIOQUIA	CALDAS
28	ANTIOQUIA	CAMPAMENTO
29	ANTIOQUIA	CAÑASGORDAS
30	ANTIOQUIA	CARACOLI
31	ANTIOQUIA	CARAMANTA
32	ANTIOQUIA	CAREPA
33	ANTIOQUIA	EL CARMEN DE VIBORAL
34	ANTIOQUIA	CAROLINA
35	ANTIOQUIA	CAUCASIA
36	ANTIOQUIA	CHIGORODO
37	ANTIOQUIA	CISNEROS
38	ANTIOQUIA	COCORNA
39	ANTIOQUIA	CONCEPCION
40	ANTIOQUIA	CONCORDIA
41	ANTIOQUIA	COPACABANA
42	ANTIOQUIA	DABEIBA
43	ANTIOQUIA	DON MATIAS
44	ANTIOQUIA	EBEJICO
45	ANTIOQUIA	EL BAGRE
46	ANTIOQUIA	ENTRERRIOS
47	ANTIOQUIA	ENVIGADO
48	ANTIOQUIA	FREDONIA
49	ANTIOQUIA	FRONTINO
50	ANTIOQUIA	GIRALDO
51	ANTIOQUIA	GIRARDOTA
52	ANTIOQUIA	GOMEZ PLATA
53	ANTIOQUIA	GRANADA
54	ANTIOQUIA	GUADALUPE
55	ANTIOQUIA	GUARNE
56	ANTIOQUIA	GUATAPE
57	ANTIOQUIA	HELICONIA
58	ANTIOQUIA	HISPANIA
59	ANTIOQUIA	ITAGUI
60	ANTIOQUIA	ITUANGO
61	ANTIOQUIA	JARDIN
62	ANTIOQUIA	JERICO
63	ANTIOQUIA	LA CEJA
64	ANTIOQUIA	LA ESTRELLA
65	ANTIOQUIA	LA PINTADA
66	ANTIOQUIA	LA UNION
67	ANTIOQUIA	LIBORINA
68	ANTIOQUIA	MACEO
69	ANTIOQUIA	MARINILLA
70	ANTIOQUIA	MONTEBELLO
71	ANTIOQUIA	MURINDO
72	ANTIOQUIA	MUTATA
73	ANTIOQUIA	NARIÑO
74	ANTIOQUIA	NECOCLI
75	ANTIOQUIA	NECHI
76	ANTIOQUIA	OLAYA
77	ANTIOQUIA	PEÑOL
78	ANTIOQUIA	PEQUE
79	ANTIOQUIA	PUEBLORRICO
80	ANTIOQUIA	PUERTO BERRIO
81	ANTIOQUIA	PUERTO NARE
82	ANTIOQUIA	PUERTO TRIUNFO
83	ANTIOQUIA	REMEDIOS
84	ANTIOQUIA	RETIRO
85	ANTIOQUIA	RIONEGRO
86	ANTIOQUIA	SABANALARGA
87	ANTIOQUIA	SABANETA
88	ANTIOQUIA	SALGAR
89	ANTIOQUIA	SAN ANDRES DE CUERQUIA
90	ANTIOQUIA	SAN CARLOS
91	ANTIOQUIA	SAN FRANCISCO
92	ANTIOQUIA	SAN JERONIMO
93	ANTIOQUIA	SAN JOSE DE LA MONTAÑA
94	ANTIOQUIA	SAN JUAN DE URABA
95	ANTIOQUIA	SAN LUIS
96	ANTIOQUIA	SAN PEDRO
97	ANTIOQUIA	SAN PEDRO DE URABA
98	ANTIOQUIA	SAN RAFAEL
99	ANTIOQUIA	SAN ROQUE
100	ANTIOQUIA	SAN VICENTE
101	ANTIOQUIA	SANTA BARBARA
102	ANTIOQUIA	SANTA ROSA DE OSOS
103	ANTIOQUIA	SANTO DOMINGO
104	ANTIOQUIA	EL SANTUARIO
105	ANTIOQUIA	SEGOVIA
106	ANTIOQUIA	SONSON
107	ANTIOQUIA	SOPETRAN
108	ANTIOQUIA	TAMESIS
109	ANTIOQUIA	TARAZA
110	ANTIOQUIA	TARSO
111	ANTIOQUIA	TITIRIBI
112	ANTIOQUIA	TOLEDO
113	ANTIOQUIA	TURBO
114	ANTIOQUIA	URAMITA
115	ANTIOQUIA	URRAO
116	ANTIOQUIA	VALDIVIA
117	ANTIOQUIA	VALPARAISO
118	ANTIOQUIA	VEGACHI
119	ANTIOQUIA	VENECIA
120	ANTIOQUIA	VIGIA DEL FUERTE
121	ANTIOQUIA	YALI
122	ANTIOQUIA	YARUMAL
123	ANTIOQUIA	YOLOMBO
124	ANTIOQUIA	YONDO
125	ANTIOQUIA	ZARAGOZA
126	ATLANTICO	BARRANQUILLA
127	ATLANTICO	BARANOA
128	ATLANTICO	CAMPO DE LA CRUZ
129	ATLANTICO	CANDELARIA
130	ATLANTICO	GALAPA
131	ATLANTICO	JUAN DE ACOSTA
132	ATLANTICO	LURUACO
133	ATLANTICO	MALAMBO
134	ATLANTICO	MANATI
135	ATLANTICO	PALMAR DE VARELA
136	ATLANTICO	PIOJO
137	ATLANTICO	POLONUEVO
138	ATLANTICO	PONEDERA
139	ATLANTICO	PUERTO COLOMBIA
140	ATLANTICO	REPELON
141	ATLANTICO	SABANAGRANDE
142	ATLANTICO	SABANALARGA
143	ATLANTICO	SANTA LUCIA
144	ATLANTICO	SANTO TOMAS
145	ATLANTICO	SOLEDAD
146	ATLANTICO	SUAN
147	ATLANTICO	TUBARA
148	ATLANTICO	USIACURI
150	BOLIVAR	CARTAGENA
151	BOLIVAR	ACHI
152	BOLIVAR	ALTOS DEL ROSARIO
153	BOLIVAR	ARENAL
154	BOLIVAR	ARJONA
155	BOLIVAR	ARROYOHONDO
156	BOLIVAR	BARRANCO DE LOBA
157	BOLIVAR	CALAMAR
158	BOLIVAR	CANTAGALLO
159	BOLIVAR	CICUCO
160	BOLIVAR	CORDOBA
161	BOLIVAR	CLEMENCIA
162	BOLIVAR	EL CARMEN DE BOLIVAR
163	BOLIVAR	EL GUAMO
164	BOLIVAR	EL PEÑON
165	BOLIVAR	HATILLO DE LOBA
166	BOLIVAR	MAGANGUE
167	BOLIVAR	MAHATES
168	BOLIVAR	MARGARITA
169	BOLIVAR	MARIA LA BAJA
170	BOLIVAR	MONTECRISTO
171	BOLIVAR	MOMPOS
172	BOLIVAR	NOROSI
173	BOLIVAR	MORALES
174	BOLIVAR	PINILLOS
175	BOLIVAR	REGIDOR
176	BOLIVAR	RIO VIEJO
177	BOLIVAR	SAN CRISTOBAL
178	BOLIVAR	SAN ESTANISLAO
179	BOLIVAR	SAN FERNANDO
180	BOLIVAR	SAN JACINTO
181	BOLIVAR	SAN JACINTO DEL CAUCA
182	BOLIVAR	SAN JUAN NEPOMUCENO
183	BOLIVAR	SAN MARTIN DE LOBA
184	BOLIVAR	SAN PABLO
185	BOLIVAR	SANTA CATALINA
186	BOLIVAR	SANTA ROSA
187	BOLIVAR	SANTA ROSA DEL SUR
188	BOLIVAR	SIMITI
189	BOLIVAR	SOPLAVIENTO
190	BOLIVAR	TALAIGUA NUEVO
191	BOLIVAR	TIQUISIO
192	BOLIVAR	TURBACO
193	BOLIVAR	TURBANA
194	BOLIVAR	VILLANUEVA
195	BOLIVAR	ZAMBRANO
196	BOYACA	TUNJA
197	BOYACA	ALMEIDA
198	BOYACA	AQUITANIA
199	BOYACA	ARCABUCO
200	BOYACA	BELEN
201	BOYACA	BERBEO
202	BOYACA	BETEITIVA
203	BOYACA	BOAVITA
204	BOYACA	BOYACA
205	BOYACA	BRICEÑO
206	BOYACA	BUENAVISTA
207	BOYACA	BUSBANZA
208	BOYACA	CALDAS
209	BOYACA	CAMPOHERMOSO
210	BOYACA	CERINZA
211	BOYACA	CHINAVITA
212	BOYACA	CHIQUINQUIRA
213	BOYACA	CHISCAS
214	BOYACA	CHITA
215	BOYACA	CHITARAQUE
216	BOYACA	CHIVATA
217	BOYACA	CIENEGA
218	BOYACA	COMBITA
219	BOYACA	COPER
220	BOYACA	CORRALES
221	BOYACA	COVARACHIA
222	BOYACA	CUBARA
223	BOYACA	CUCAITA
224	BOYACA	CUITIVA
225	BOYACA	CHIQUIZA
226	BOYACA	CHIVOR
227	BOYACA	DUITAMA
228	BOYACA	EL COCUY
229	BOYACA	EL ESPINO
230	BOYACA	FIRAVITOBA
231	BOYACA	FLORESTA
232	BOYACA	GACHANTIVA
233	BOYACA	GAMEZA
234	BOYACA	GARAGOA
235	BOYACA	GUACAMAYAS
236	BOYACA	GUATEQUE
237	BOYACA	GUAYATA
238	BOYACA	GsICAN
239	BOYACA	IZA
240	BOYACA	JENESANO
241	BOYACA	JERICO
242	BOYACA	LABRANZAGRANDE
243	BOYACA	LA CAPILLA
244	BOYACA	LA VICTORIA
245	BOYACA	LA UVITA
246	BOYACA	VILLA DE LEYVA
247	BOYACA	MACANAL
248	BOYACA	MARIPI
249	BOYACA	MIRAFLORES
250	BOYACA	MONGUA
251	BOYACA	MONGUI
252	BOYACA	MONIQUIRA
253	BOYACA	MOTAVITA
254	BOYACA	MUZO
255	BOYACA	NOBSA
256	BOYACA	NUEVO COLON
257	BOYACA	OICATA
258	BOYACA	OTANCHE
259	BOYACA	PACHAVITA
260	BOYACA	PAEZ
261	BOYACA	PAIPA
262	BOYACA	PAJARITO
263	BOYACA	PANQUEBA
264	BOYACA	PAUNA
265	BOYACA	PAYA
266	BOYACA	PAZ DE RIO
267	BOYACA	PESCA
268	BOYACA	PISBA
269	BOYACA	PUERTO BOYACA
270	BOYACA	QUIPAMA
271	BOYACA	RAMIRIQUI
272	BOYACA	RAQUIRA
273	BOYACA	RONDON
274	BOYACA	SABOYA
275	BOYACA	SACHICA
276	BOYACA	SAMACA
277	BOYACA	SAN EDUARDO
278	BOYACA	SAN JOSE DE PARE
279	BOYACA	SAN LUIS DE GACENO
280	BOYACA	SAN MATEO
281	BOYACA	SAN MIGUEL DE SEMA
282	BOYACA	SAN PABLO DE BORBUR
283	BOYACA	SANTANA
284	BOYACA	SANTA MARIA
285	BOYACA	SANTA ROSA DE VITERBO
286	BOYACA	SANTA SOFIA
287	BOYACA	SATIVANORTE
288	BOYACA	SATIVASUR
289	BOYACA	SIACHOQUE
290	BOYACA	SOATA
291	BOYACA	SOCOTA
292	BOYACA	SOCHA
293	BOYACA	SOGAMOSO
294	BOYACA	SOMONDOCO
295	BOYACA	SORA
296	BOYACA	SOTAQUIRA
297	BOYACA	SORACA
298	BOYACA	SUSACON
299	BOYACA	SUTAMARCHAN
300	BOYACA	SUTATENZA
301	BOYACA	TASCO
302	BOYACA	TENZA
303	BOYACA	TIBANA
304	BOYACA	TIBASOSA
305	BOYACA	TINJACA
306	BOYACA	TIPACOQUE
307	BOYACA	TOCA
308	BOYACA	TOGsI
309	BOYACA	TOPAGA
310	BOYACA	TOTA
311	BOYACA	TUNUNGUA
312	BOYACA	TURMEQUE
313	BOYACA	TUTA
314	BOYACA	TUTAZA
315	BOYACA	UMBITA
316	BOYACA	VENTAQUEMADA
317	BOYACA	VIRACACHA
318	BOYACA	ZETAQUIRA
319	CALDAS	MANIZALES
320	CALDAS	AGUADAS
321	CALDAS	ANSERMA
322	CALDAS	ARANZAZU
323	CALDAS	BELALCAZAR
324	CALDAS	CHINCHINA
325	CALDAS	FILADELFIA
326	CALDAS	LA DORADA
327	CALDAS	LA MERCED
328	CALDAS	MANZANARES
329	CALDAS	MARMATO
330	CALDAS	MARQUETALIA
331	CALDAS	MARULANDA
332	CALDAS	NEIRA
333	CALDAS	NORCASIA
334	CALDAS	PACORA
335	CALDAS	PALESTINA
336	CALDAS	PENSILVANIA
337	CALDAS	RIOSUCIO
338	CALDAS	RISARALDA
339	CALDAS	SALAMINA
340	CALDAS	SAMANA
341	CALDAS	SAN JOSE
342	CALDAS	SUPIA
343	CALDAS	VICTORIA
344	CALDAS	VILLAMARIA
345	CALDAS	VITERBO
346	CAQUETA	FLORENCIA
347	CAQUETA	ALBANIA
348	CAQUETA	BELEN DE LOS ANDAQUIES
349	CAQUETA	CARTAGENA DEL CHAIRA
350	CAQUETA	CURILLO
351	CAQUETA	EL DONCELLO
352	CAQUETA	EL PAUJIL
353	CAQUETA	LA MONTAÑITA
354	CAQUETA	MILAN
355	CAQUETA	MORELIA
356	CAQUETA	PUERTO RICO
357	CAQUETA	SAN JOSE DEL FRAGUA
358	CAQUETA	SAN VICENTE DEL CAGUAN
359	CAQUETA	SOLANO
360	CAQUETA	SOLITA
361	CAQUETA	VALPARAISO
362	CAUCA	POPAYAN
363	CAUCA	ALMAGUER
364	CAUCA	ARGELIA
365	CAUCA	BALBOA
366	CAUCA	BOLIVAR
367	CAUCA	BUENOS AIRES
368	CAUCA	CAJIBIO
369	CAUCA	CALDONO
370	CAUCA	CALOTO
371	CAUCA	CORINTO
372	CAUCA	EL TAMBO
373	CAUCA	FLORENCIA
374	CAUCA	GUACHENE
375	CAUCA	GUAPI
376	CAUCA	INZA
377	CAUCA	JAMBALO
378	CAUCA	LA SIERRA
379	CAUCA	LA VEGA
380	CAUCA	LOPEZ
381	CAUCA	MERCADERES
382	CAUCA	MIRANDA
383	CAUCA	MORALES
384	CAUCA	PADILLA
385	CAUCA	PAEZ
386	CAUCA	PATIA
387	CAUCA	PIAMONTE
388	CAUCA	PIENDAMO
389	CAUCA	PUERTO TEJADA
390	CAUCA	PURACE
391	CAUCA	ROSAS
392	CAUCA	SAN SEBASTIAN
393	CAUCA	SANTANDER DE QUILICHAO
394	CAUCA	SANTA ROSA
395	CAUCA	SILVIA
396	CAUCA	SOTARA
397	CAUCA	SUAREZ
398	CAUCA	SUCRE
399	CAUCA	TIMBIO
400	CAUCA	TIMBIQUI
401	CAUCA	TORIBIO
402	CAUCA	TOTORO
403	CAUCA	VILLA RICA
404	CESAR	VALLEDUPAR
405	CESAR	AGUACHICA
406	CESAR	AGUSTIN CODAZZI
407	CESAR	ASTREA
408	CESAR	BECERRIL
409	CESAR	BOSCONIA
410	CESAR	CHIMICHAGUA
411	CESAR	CHIRIGUANA
412	CESAR	CURUMANI
413	CESAR	EL COPEY
414	CESAR	EL PASO
415	CESAR	GAMARRA
416	CESAR	GONZALEZ
417	CESAR	LA GLORIA
418	CESAR	LA JAGUA DE IBIRICO
419	CESAR	MANAURE
420	CESAR	PAILITAS
421	CESAR	PELAYA
422	CESAR	PUEBLO BELLO
423	CESAR	RIO DE ORO
424	CESAR	LA PAZ
425	CESAR	SAN ALBERTO
426	CESAR	SAN DIEGO
427	CESAR	SAN MARTIN
428	CESAR	TAMALAMEQUE
429	CORDOBA	MONTERIA
430	CORDOBA	AYAPEL
431	CORDOBA	BUENAVISTA
432	CORDOBA	CANALETE
433	CORDOBA	CERETE
434	CORDOBA	CHIMA
435	CORDOBA	CHINU
436	CORDOBA	CIENAGA DE ORO
437	CORDOBA	COTORRA
438	CORDOBA	LA APARTADA
439	CORDOBA	LORICA
440	CORDOBA	LOS CORDOBAS
441	CORDOBA	MOMIL
442	CORDOBA	MONTELIBANO
443	CORDOBA	MOÑITOS
444	CORDOBA	PLANETA RICA
445	CORDOBA	PUEBLO NUEVO
446	CORDOBA	PUERTO ESCONDIDO
447	CORDOBA	PUERTO LIBERTADOR
448	CORDOBA	PURISIMA
449	CORDOBA	SAHAGUN
450	CORDOBA	SAN ANDRES SOTAVENTO
451	CORDOBA	SAN ANTERO
452	CORDOBA	SAN BERNARDO DEL VIENTO
453	CORDOBA	SAN CARLOS
454	CORDOBA	SAN PELAYO
455	CORDOBA	TIERRALTA
456	CORDOBA	VALENCIA
457	CUNDINAMARCA	AGUA DE DIOS
458	CUNDINAMARCA	ALBAN
459	CUNDINAMARCA	ANAPOIMA
460	CUNDINAMARCA	ANOLAIMA
461	CUNDINAMARCA	ARBELAEZ
462	CUNDINAMARCA	BELTRAN
463	CUNDINAMARCA	BITUIMA
464	CUNDINAMARCA	BOJACA
465	CUNDINAMARCA	CABRERA
466	CUNDINAMARCA	CACHIPAY
467	CUNDINAMARCA	CAJICA
468	CUNDINAMARCA	CAPARRAPI
469	CUNDINAMARCA	CAQUEZA
470	CUNDINAMARCA	CARMEN DE CARUPA
471	CUNDINAMARCA	CHAGUANI
472	CUNDINAMARCA	CHIA
473	CUNDINAMARCA	CHIPAQUE
474	CUNDINAMARCA	CHOACHI
475	CUNDINAMARCA	CHOCONTA
476	CUNDINAMARCA	COGUA
477	CUNDINAMARCA	COTA
478	CUNDINAMARCA	CUCUNUBA
479	CUNDINAMARCA	EL COLEGIO
480	CUNDINAMARCA	EL PEÑON
481	CUNDINAMARCA	EL ROSAL
482	CUNDINAMARCA	FACATATIVA
483	CUNDINAMARCA	FOMEQUE
484	CUNDINAMARCA	FOSCA
485	CUNDINAMARCA	FUNZA
486	CUNDINAMARCA	FUQUENE
487	CUNDINAMARCA	FUSAGASUGA
488	CUNDINAMARCA	GACHALA
489	CUNDINAMARCA	GACHANCIPA
490	CUNDINAMARCA	GACHETA
491	CUNDINAMARCA	GAMA
492	CUNDINAMARCA	GIRARDOT
493	CUNDINAMARCA	GRANADA
494	CUNDINAMARCA	GUACHETA
495	CUNDINAMARCA	GUADUAS
496	CUNDINAMARCA	GUASCA
497	CUNDINAMARCA	GUATAQUI
498	CUNDINAMARCA	GUATAVITA
499	CUNDINAMARCA	GUAYABAL DE SIQUIMA
500	CUNDINAMARCA	GUAYABETAL
501	CUNDINAMARCA	GUTIERREZ
502	CUNDINAMARCA	JERUSALEN
503	CUNDINAMARCA	JUNIN
504	CUNDINAMARCA	LA CALERA
505	CUNDINAMARCA	LA MESA
506	CUNDINAMARCA	LA PALMA
507	CUNDINAMARCA	LA PEÑA
508	CUNDINAMARCA	LA VEGA
509	CUNDINAMARCA	LENGUAZAQUE
510	CUNDINAMARCA	MACHETA
511	CUNDINAMARCA	MADRID
512	CUNDINAMARCA	MANTA
513	CUNDINAMARCA	MEDINA
514	CUNDINAMARCA	MOSQUERA
515	CUNDINAMARCA	NARIÑO
516	CUNDINAMARCA	NEMOCON
517	CUNDINAMARCA	NILO
518	CUNDINAMARCA	NIMAIMA
519	CUNDINAMARCA	NOCAIMA
520	CUNDINAMARCA	VENECIA
521	CUNDINAMARCA	PACHO
522	CUNDINAMARCA	PAIME
523	CUNDINAMARCA	PANDI
524	CUNDINAMARCA	PARATEBUENO
525	CUNDINAMARCA	PASCA
526	CUNDINAMARCA	PUERTO SALGAR
527	CUNDINAMARCA	PULI
528	CUNDINAMARCA	QUEBRADANEGRA
529	CUNDINAMARCA	QUETAME
530	CUNDINAMARCA	QUIPILE
531	CUNDINAMARCA	APULO
532	CUNDINAMARCA	RICAURTE
533	CUNDINAMARCA	SAN ANTONIO DEL TEQUENDAMA
534	CUNDINAMARCA	SAN BERNARDO
535	CUNDINAMARCA	SAN CAYETANO
536	CUNDINAMARCA	SAN FRANCISCO
537	CUNDINAMARCA	SAN JUAN DE RIO SECO
538	CUNDINAMARCA	SASAIMA
539	CUNDINAMARCA	SESQUILE
540	CUNDINAMARCA	SIBATE
541	CUNDINAMARCA	SILVANIA
542	CUNDINAMARCA	SIMIJACA
543	CUNDINAMARCA	SOACHA
544	CUNDINAMARCA	SOPO
545	CUNDINAMARCA	SUBACHOQUE
546	CUNDINAMARCA	SUESCA
547	CUNDINAMARCA	SUPATA
548	CUNDINAMARCA	SUSA
549	CUNDINAMARCA	SUTATAUSA
550	CUNDINAMARCA	TABIO
551	CUNDINAMARCA	TAUSA
552	CUNDINAMARCA	TENA
553	CUNDINAMARCA	TENJO
554	CUNDINAMARCA	TIBACUY
555	CUNDINAMARCA	TIBIRITA
556	CUNDINAMARCA	TOCAIMA
557	CUNDINAMARCA	TOCANCIPA
558	CUNDINAMARCA	TOPAIPI
559	CUNDINAMARCA	UBALA
560	CUNDINAMARCA	UBAQUE
561	CUNDINAMARCA	VILLA DE SAN DIEGO DE UBATE
562	CUNDINAMARCA	UNE
563	CUNDINAMARCA	UTICA
564	CUNDINAMARCA	VERGARA
565	CUNDINAMARCA	VIANI
566	CUNDINAMARCA	VILLAGOMEZ
567	CUNDINAMARCA	VILLAPINZON
568	CUNDINAMARCA	VILLETA
569	CUNDINAMARCA	VIOTA
570	CUNDINAMARCA	YACOPI
571	CUNDINAMARCA	ZIPACON
572	CUNDINAMARCA	ZIPAQUIRA
573	CHOCO	QUIBDO
574	CHOCO	ACANDI
575	CHOCO	ALTO BAUDO
576	CHOCO	ATRATO
577	CHOCO	BAGADO
578	CHOCO	BAHIA SOLANO
579	CHOCO	BAJO BAUDO
580	CHOCO	BOJAYA
581	CHOCO	EL CANTON DEL SAN PABLO
582	CHOCO	CARMEN DEL DARIEN
583	CHOCO	CERTEGUI
584	CHOCO	CONDOTO
585	CHOCO	EL CARMEN DE ATRATO
586	CHOCO	EL LITORAL DEL SAN JUAN
587	CHOCO	ISTMINA
588	CHOCO	JURADO
589	CHOCO	LLORO
590	CHOCO	MEDIO ATRATO
591	CHOCO	MEDIO BAUDO
592	CHOCO	MEDIO SAN JUAN
593	CHOCO	NOVITA
594	CHOCO	NUQUI
595	CHOCO	RIO IRO
596	CHOCO	RIO QUITO
597	CHOCO	RIOSUCIO
598	CHOCO	SAN JOSE DEL PALMAR
599	CHOCO	SIPI
600	CHOCO	TADO
601	CHOCO	UNGUIA
602	CHOCO	UNION PANAMERICANA
603	HUILA	NEIVA
604	HUILA	ACEVEDO
605	HUILA	AGRADO
606	HUILA	AIPE
607	HUILA	ALGECIRAS
608	HUILA	ALTAMIRA
609	HUILA	BARAYA
610	HUILA	CAMPOALEGRE
611	HUILA	COLOMBIA
612	HUILA	ELIAS
613	HUILA	GARZON
614	HUILA	GIGANTE
615	HUILA	GUADALUPE
616	HUILA	HOBO
617	HUILA	IQUIRA
618	HUILA	ISNOS
619	HUILA	LA ARGENTINA
620	HUILA	LA PLATA
621	HUILA	NATAGA
622	HUILA	OPORAPA
623	HUILA	PAICOL
624	HUILA	PALERMO
625	HUILA	PALESTINA
626	HUILA	PITAL
627	HUILA	PITALITO
628	HUILA	RIVERA
629	HUILA	SALADOBLANCO
630	HUILA	SAN AGUSTIN
631	HUILA	SANTA MARIA
632	HUILA	SUAZA
633	HUILA	TARQUI
634	HUILA	TESALIA
635	HUILA	TELLO
636	HUILA	TERUEL
637	HUILA	TIMANA
638	HUILA	VILLAVIEJA
639	HUILA	YAGUARA
640	LA GUAJIRA	RIOHACHA
641	LA GUAJIRA	ALBANIA
642	LA GUAJIRA	BARRANCAS
643	LA GUAJIRA	DIBULLA
644	LA GUAJIRA	DISTRACCION
645	LA GUAJIRA	EL MOLINO
646	LA GUAJIRA	FONSECA
647	LA GUAJIRA	HATONUEVO
648	LA GUAJIRA	LA JAGUA DEL PILAR
649	LA GUAJIRA	MAICAO
650	LA GUAJIRA	MANAURE
651	LA GUAJIRA	SAN JUAN DEL CESAR
652	LA GUAJIRA	URIBIA
653	LA GUAJIRA	URUMITA
654	LA GUAJIRA	VILLANUEVA
655	MAGDALENA	SANTA MARTA
656	MAGDALENA	ALGARROBO
657	MAGDALENA	ARACATACA
658	MAGDALENA	ARIGUANI
659	MAGDALENA	CERRO SAN ANTONIO
660	MAGDALENA	CHIBOLO
661	MAGDALENA	CIENAGA
662	MAGDALENA	CONCORDIA
663	MAGDALENA	EL BANCO
664	MAGDALENA	EL PIÑON
665	MAGDALENA	EL RETEN
666	MAGDALENA	FUNDACION
667	MAGDALENA	GUAMAL
668	MAGDALENA	NUEVA GRANADA
669	MAGDALENA	PEDRAZA
670	MAGDALENA	PIJIÑO DEL CARMEN
671	MAGDALENA	PIVIJAY
672	MAGDALENA	PLATO
673	MAGDALENA	PUEBLOVIEJO
674	MAGDALENA	REMOLINO
675	MAGDALENA	SABANAS DE SAN ANGEL
676	MAGDALENA	SALAMINA
677	MAGDALENA	SAN SEBASTIAN DE BUENAVISTA
678	MAGDALENA	SAN ZENON
679	MAGDALENA	SANTA ANA
680	MAGDALENA	SANTA BARBARA DE PINTO
681	MAGDALENA	SITIONUEVO
682	MAGDALENA	TENERIFE
683	MAGDALENA	ZAPAYAN
684	MAGDALENA	ZONA BANANERA
685	META	VILLAVICENCIO
686	META	ACACIAS
687	META	BARRANCA DE UPIA
688	META	CABUYARO
689	META	CASTILLA LA NUEVA
690	META	CUBARRAL
691	META	CUMARAL
692	META	EL CALVARIO
693	META	EL CASTILLO
694	META	EL DORADO
695	META	FUENTE DE ORO
696	META	GRANADA
697	META	GUAMAL
698	META	MAPIRIPAN
699	META	MESETAS
700	META	LA MACARENA
701	META	URIBE
702	META	LEJANIAS
703	META	PUERTO CONCORDIA
704	META	PUERTO GAITAN
705	META	PUERTO LOPEZ
706	META	PUERTO LLERAS
707	META	PUERTO RICO
708	META	RESTREPO
709	META	SAN CARLOS DE GUAROA
710	META	SAN JUAN DE ARAMA
711	META	SAN JUANITO
712	META	SAN MARTIN
713	META	VISTAHERMOSA
714	NARIÑO	PASTO
715	NARIÑO	ALBAN
716	NARIÑO	ALDANA
717	NARIÑO	ANCUYA
718	NARIÑO	ARBOLEDA
719	NARIÑO	BARBACOAS
720	NARIÑO	BELEN
721	NARIÑO	BUESACO
722	NARIÑO	COLON
723	NARIÑO	CONSACA
724	NARIÑO	CONTADERO
725	NARIÑO	CORDOBA
726	NARIÑO	CUASPUD
727	NARIÑO	CUMBAL
728	NARIÑO	CUMBITARA
729	NARIÑO	CHACHAGsI
730	NARIÑO	EL CHARCO
731	NARIÑO	EL PEÑOL
732	NARIÑO	EL ROSARIO
733	NARIÑO	EL TABLON DE GOMEZ
734	NARIÑO	EL TAMBO
735	NARIÑO	FUNES
736	NARIÑO	GUACHUCAL
737	NARIÑO	GUAITARILLA
738	NARIÑO	GUALMATAN
739	NARIÑO	ILES
740	NARIÑO	IMUES
741	NARIÑO	IPIALES
742	NARIÑO	LA CRUZ
743	NARIÑO	LA FLORIDA
744	NARIÑO	LA LLANADA
745	NARIÑO	LA TOLA
746	NARIÑO	LA UNION
747	NARIÑO	LEIVA
748	NARIÑO	LINARES
749	NARIÑO	LOS ANDES
750	NARIÑO	MAGsI
751	NARIÑO	MALLAMA
752	NARIÑO	MOSQUERA
753	NARIÑO	NARIÑO
754	NARIÑO	OLAYA HERRERA
755	NARIÑO	OSPINA
756	NARIÑO	FRANCISCO PIZARRO
757	NARIÑO	POLICARPA
758	NARIÑO	POTOSI
759	NARIÑO	PROVIDENCIA
760	NARIÑO	PUERRES
761	NARIÑO	PUPIALES
762	NARIÑO	RICAURTE
763	NARIÑO	ROBERTO PAYAN
764	NARIÑO	SAMANIEGO
765	NARIÑO	SANDONA
766	NARIÑO	SAN BERNARDO
767	NARIÑO	SAN LORENZO
768	NARIÑO	SAN PABLO
769	NARIÑO	SAN PEDRO DE CARTAGO
770	NARIÑO	SANTA BARBARA
771	NARIÑO	SANTACRUZ
772	NARIÑO	SAPUYES
773	NARIÑO	TAMINANGO
774	NARIÑO	TANGUA
775	NARIÑO	SAN ANDRES DE TUMACO
776	NARIÑO	TUQUERRES
777	NARIÑO	YACUANQUER
778	NORTE DE SANTANDER	CUCUTA
779	NORTE DE SANTANDER	ABREGO
780	NORTE DE SANTANDER	ARBOLEDAS
781	NORTE DE SANTANDER	BOCHALEMA
782	NORTE DE SANTANDER	BUCARASICA
783	NORTE DE SANTANDER	CACOTA
784	NORTE DE SANTANDER	CACHIRA
785	NORTE DE SANTANDER	CHINACOTA
786	NORTE DE SANTANDER	CHITAGA
787	NORTE DE SANTANDER	CONVENCION
788	NORTE DE SANTANDER	CUCUTILLA
789	NORTE DE SANTANDER	DURANIA
790	NORTE DE SANTANDER	EL CARMEN
791	NORTE DE SANTANDER	EL TARRA
792	NORTE DE SANTANDER	EL ZULIA
793	NORTE DE SANTANDER	GRAMALOTE
794	NORTE DE SANTANDER	HACARI
795	NORTE DE SANTANDER	HERRAN
796	NORTE DE SANTANDER	LABATECA
797	NORTE DE SANTANDER	LA ESPERANZA
798	NORTE DE SANTANDER	LA PLAYA
799	NORTE DE SANTANDER	LOS PATIOS
800	NORTE DE SANTANDER	LOURDES
801	NORTE DE SANTANDER	MUTISCUA
802	NORTE DE SANTANDER	OCAÑA
803	NORTE DE SANTANDER	PAMPLONA
804	NORTE DE SANTANDER	PAMPLONITA
805	NORTE DE SANTANDER	PUERTO SANTANDER
806	NORTE DE SANTANDER	RAGONVALIA
807	NORTE DE SANTANDER	SALAZAR
808	NORTE DE SANTANDER	SAN CALIXTO
809	NORTE DE SANTANDER	SAN CAYETANO
810	NORTE DE SANTANDER	SANTIAGO
811	NORTE DE SANTANDER	SARDINATA
812	NORTE DE SANTANDER	SILOS
813	NORTE DE SANTANDER	TEORAMA
814	NORTE DE SANTANDER	TIBU
815	NORTE DE SANTANDER	TOLEDO
816	NORTE DE SANTANDER	VILLA CARO
817	NORTE DE SANTANDER	VILLA DEL ROSARIO
818	QUINDIO	ARMENIA
819	QUINDIO	BUENAVISTA
820	QUINDIO	CALARCA
821	QUINDIO	CIRCASIA
822	QUINDIO	CORDOBA
823	QUINDIO	FILANDIA
824	QUINDIO	GENOVA
825	QUINDIO	LA TEBAIDA
826	QUINDIO	MONTENEGRO
827	QUINDIO	PIJAO
828	QUINDIO	QUIMBAYA
829	QUINDIO	SALENTO
830	RISARALDA	PEREIRA
831	RISARALDA	APIA
832	RISARALDA	BALBOA
833	RISARALDA	BELEN DE UMBRIA
834	RISARALDA	DOSQUEBRADAS
835	RISARALDA	GUATICA
836	RISARALDA	LA CELIA
837	RISARALDA	LA VIRGINIA
838	RISARALDA	MARSELLA
839	RISARALDA	MISTRATO
840	RISARALDA	PUEBLO RICO
841	RISARALDA	QUINCHIA
842	RISARALDA	SANTA ROSA DE CABAL
843	RISARALDA	SANTUARIO
844	SANTANDER	BUCARAMANGA
845	SANTANDER	AGUADA
846	SANTANDER	ALBANIA
847	SANTANDER	ARATOCA
848	SANTANDER	BARBOSA
849	SANTANDER	BARICHARA
850	SANTANDER	BARRANCABERMEJA
851	SANTANDER	BETULIA
852	SANTANDER	BOLIVAR
853	SANTANDER	CABRERA
854	SANTANDER	CALIFORNIA
855	SANTANDER	CAPITANEJO
856	SANTANDER	CARCASI
857	SANTANDER	CEPITA
858	SANTANDER	CERRITO
859	SANTANDER	CHARALA
860	SANTANDER	CHARTA
861	SANTANDER	CHIMA
862	SANTANDER	CHIPATA
863	SANTANDER	CIMITARRA
864	SANTANDER	CONCEPCION
865	SANTANDER	CONFINES
866	SANTANDER	CONTRATACION
867	SANTANDER	COROMORO
868	SANTANDER	CURITI
869	SANTANDER	EL CARMEN DE CHUCURI
870	SANTANDER	EL GUACAMAYO
871	SANTANDER	EL PEÑON
872	SANTANDER	EL PLAYON
873	SANTANDER	ENCINO
874	SANTANDER	ENCISO
875	SANTANDER	FLORIAN
876	SANTANDER	FLORIDABLANCA
877	SANTANDER	GALAN
878	SANTANDER	GAMBITA
879	SANTANDER	GIRON
880	SANTANDER	GUACA
881	SANTANDER	GUADALUPE
882	SANTANDER	GUAPOTA
883	SANTANDER	GUAVATA
884	SANTANDER	GÜEPSA
885	SANTANDER	HATO
886	SANTANDER	JESUS MARIA
887	SANTANDER	JORDAN
888	SANTANDER	LA BELLEZA
889	SANTANDER	LANDAZURI
890	SANTANDER	LA PAZ
891	SANTANDER	LEBRIJA
892	SANTANDER	LOS SANTOS
893	SANTANDER	MACARAVITA
894	SANTANDER	MALAGA
895	SANTANDER	MATANZA
896	SANTANDER	MOGOTES
897	SANTANDER	MOLAGAVITA
898	SANTANDER	OCAMONTE
899	SANTANDER	OIBA
900	SANTANDER	ONZAGA
901	SANTANDER	PALMAR
902	SANTANDER	PALMAS DEL SOCORRO
903	SANTANDER	PARAMO
904	SANTANDER	PIEDECUESTA
905	SANTANDER	PINCHOTE
906	SANTANDER	PUENTE NACIONAL
907	SANTANDER	PUERTO PARRA
908	SANTANDER	PUERTO WILCHES
909	SANTANDER	RIONEGRO
910	SANTANDER	SABANA DE TORRES
911	SANTANDER	SAN ANDRES
912	SANTANDER	SAN BENITO
913	SANTANDER	SAN GIL
914	SANTANDER	SAN JOAQUIN
915	SANTANDER	SAN JOSE DE MIRANDA
916	SANTANDER	SAN MIGUEL
917	SANTANDER	SAN VICENTE DE CHUCURI
918	SANTANDER	SANTA BARBARA
919	SANTANDER	SANTA HELENA DEL OPON
920	SANTANDER	SIMACOTA
921	SANTANDER	SOCORRO
922	SANTANDER	SUAITA
923	SANTANDER	SUCRE
924	SANTANDER	SURATA
925	SANTANDER	TONA
926	SANTANDER	VALLE DE SAN JOSE
927	SANTANDER	VELEZ
928	SANTANDER	VETAS
929	SANTANDER	VILLANUEVA
930	SANTANDER	ZAPATOCA
931	SUCRE	SINCELEJO
932	SUCRE	BUENAVISTA
933	SUCRE	CAIMITO
934	SUCRE	COLOSO
935	SUCRE	COROZAL
936	SUCRE	COVEÑAS
937	SUCRE	CHALAN
938	SUCRE	EL ROBLE
939	SUCRE	GALERAS
940	SUCRE	GUARANDA
941	SUCRE	LA UNION
942	SUCRE	LOS PALMITOS
943	SUCRE	MAJAGUAL
944	SUCRE	MORROA
945	SUCRE	OVEJAS
946	SUCRE	PALMITO
947	SUCRE	SAMPUES
948	SUCRE	SAN BENITO ABAD
949	SUCRE	SAN JUAN DE BETULIA
950	SUCRE	SAN MARCOS
951	SUCRE	SAN ONOFRE
952	SUCRE	SAN PEDRO
953	SUCRE	SAN LUIS DE SINCE
954	SUCRE	SUCRE
955	SUCRE	SANTIAGO DE TOLU
956	SUCRE	TOLU VIEJO
957	TOLIMA	IBAGUE
958	TOLIMA	ALPUJARRA
959	TOLIMA	ALVARADO
960	TOLIMA	AMBALEMA
961	TOLIMA	ANZOATEGUI
962	TOLIMA	ARMERO
963	TOLIMA	ATACO
964	TOLIMA	CAJAMARCA
965	TOLIMA	CARMEN DE APICALA
966	TOLIMA	CASABIANCA
967	TOLIMA	CHAPARRAL
968	TOLIMA	COELLO
969	TOLIMA	COYAIMA
970	TOLIMA	CUNDAY
971	TOLIMA	DOLORES
972	TOLIMA	ESPINAL
973	TOLIMA	FALAN
974	TOLIMA	FLANDES
975	TOLIMA	FRESNO
976	TOLIMA	GUAMO
977	TOLIMA	HERVEO
978	TOLIMA	HONDA
979	TOLIMA	ICONONZO
980	TOLIMA	LERIDA
981	TOLIMA	LIBANO
982	TOLIMA	MARIQUITA
983	TOLIMA	MELGAR
984	TOLIMA	MURILLO
985	TOLIMA	NATAGAIMA
986	TOLIMA	ORTEGA
987	TOLIMA	PALOCABILDO
988	TOLIMA	PIEDRAS
989	TOLIMA	PLANADAS
990	TOLIMA	PRADO
991	TOLIMA	PURIFICACION
992	TOLIMA	RIOBLANCO
993	TOLIMA	RONCESVALLES
994	TOLIMA	ROVIRA
995	TOLIMA	SALDAÑA
996	TOLIMA	SAN ANTONIO
997	TOLIMA	SAN LUIS
998	TOLIMA	SANTA ISABEL
999	TOLIMA	SUAREZ
1000	TOLIMA	VALLE DE SAN JUAN
1001	TOLIMA	VENADILLO
1002	TOLIMA	VILLAHERMOSA
1003	TOLIMA	VILLARRICA
1004	VALLE DEL CAUCA	CALI
1005	VALLE DEL CAUCA	ALCALA
1006	VALLE DEL CAUCA	ANDALUCIA
1007	VALLE DEL CAUCA	ANSERMANUEVO
1008	VALLE DEL CAUCA	ARGELIA
1009	VALLE DEL CAUCA	BOLIVAR
1010	VALLE DEL CAUCA	BUENAVENTURA
1011	VALLE DEL CAUCA	GUADALAJARA DE BUGA
1012	VALLE DEL CAUCA	BUGALAGRANDE
1013	VALLE DEL CAUCA	CAICEDONIA
1014	VALLE DEL CAUCA	CALIMA
1015	VALLE DEL CAUCA	CANDELARIA
1016	VALLE DEL CAUCA	CARTAGO
1017	VALLE DEL CAUCA	DAGUA
1018	VALLE DEL CAUCA	EL AGUILA
1019	VALLE DEL CAUCA	EL CAIRO
1020	VALLE DEL CAUCA	EL CERRITO
1021	VALLE DEL CAUCA	EL DOVIO
1022	VALLE DEL CAUCA	FLORIDA
1023	VALLE DEL CAUCA	GINEBRA
1024	VALLE DEL CAUCA	GUACARI
1025	VALLE DEL CAUCA	JAMUNDI
1026	VALLE DEL CAUCA	LA CUMBRE
1027	VALLE DEL CAUCA	LA UNION
1028	VALLE DEL CAUCA	LA VICTORIA
1029	VALLE DEL CAUCA	OBANDO
1030	VALLE DEL CAUCA	PALMIRA
1031	VALLE DEL CAUCA	PRADERA
1032	VALLE DEL CAUCA	RESTREPO
1033	VALLE DEL CAUCA	RIOFRIO
1034	VALLE DEL CAUCA	ROLDANILLO
1035	VALLE DEL CAUCA	SAN PEDRO
1036	VALLE DEL CAUCA	SEVILLA
1037	VALLE DEL CAUCA	TORO
1038	VALLE DEL CAUCA	TRUJILLO
1039	VALLE DEL CAUCA	TULUA
1040	VALLE DEL CAUCA	ULLOA
1041	VALLE DEL CAUCA	VERSALLES
1042	VALLE DEL CAUCA	VIJES
1043	VALLE DEL CAUCA	YOTOCO
1044	VALLE DEL CAUCA	YUMBO
1045	VALLE DEL CAUCA	ZARZAL
1046	ARAUCA	ARAUCA
1047	ARAUCA	ARAUQUITA
1048	ARAUCA	CRAVO NORTE
1049	ARAUCA	FORTUL
1050	ARAUCA	PUERTO RONDON
1051	ARAUCA	SARAVENA
1052	ARAUCA	TAME
1053	CASANARE	YOPAL
1054	CASANARE	AGUAZUL
1055	CASANARE	CHAMEZA
1056	CASANARE	HATO COROZAL
1057	CASANARE	LA SALINA
1058	CASANARE	MANI
1059	CASANARE	MONTERREY
1060	CASANARE	NUNCHIA
1061	CASANARE	OROCUE
1062	CASANARE	PAZ DE ARIPORO
1063	CASANARE	PORE
1064	CASANARE	RECETOR
1065	CASANARE	SABANALARGA
1066	CASANARE	SACAMA
1067	CASANARE	SAN LUIS DE PALENQUE
1068	CASANARE	TAMARA
1069	CASANARE	TAURAMENA
1070	CASANARE	TRINIDAD
1071	CASANARE	VILLANUEVA
1072	PUTUMAYO	MOCOA
1073	PUTUMAYO	COLON
1074	PUTUMAYO	ORITO
1075	PUTUMAYO	PUERTO ASIS
1076	PUTUMAYO	PUERTO CAICEDO
1077	PUTUMAYO	PUERTO GUZMAN
1078	PUTUMAYO	LEGUIZAMO
1079	PUTUMAYO	SIBUNDOY
1080	PUTUMAYO	SAN FRANCISCO
1081	PUTUMAYO	SAN MIGUEL
1082	PUTUMAYO	SANTIAGO
1083	PUTUMAYO	VALLE DEL GUAMUEZ
1084	PUTUMAYO	VILLAGARZON
1085	SAN ANDRES	SAN ANDRES
1086	SAN ANDRES	PROVIDENCIA
1087	AMAZONAS	LETICIA
1088	AMAZONAS	EL ENCANTO
1089	AMAZONAS	LA CHORRERA
1090	AMAZONAS	LA PEDRERA
1091	AMAZONAS	LA VICTORIA
1092	AMAZONAS	MIRITI - PARANA
1093	AMAZONAS	PUERTO ALEGRIA
1094	AMAZONAS	PUERTO ARICA
1095	AMAZONAS	PUERTO NARIÑO
1096	AMAZONAS	PUERTO SANTANDER
1097	AMAZONAS	TARAPACA
1098	GUAINIA	INIRIDA
1099	GUAINIA	BARRANCO MINAS
1100	GUAINIA	MAPIRIPANA
1101	GUAINIA	SAN FELIPE
1102	GUAINIA	PUERTO COLOMBIA
1103	GUAINIA	LA GUADALUPE
1104	GUAINIA	CACAHUAL
1105	GUAINIA	PANA PANA
1106	GUAINIA	MORICHAL
1107	GUAVIARE	SAN JOSE DEL GUAVIARE
1108	GUAVIARE	CALAMAR
1109	GUAVIARE	EL RETORNO
1110	GUAVIARE	MIRAFLORES
1111	VAUPES	MITU
1112	VAUPES	CARURU
1113	VAUPES	PACOA
1114	VAUPES	TARAIRA
1115	VAUPES	PAPUNAUA
1116	VAUPES	YAVARATE
1117	VICHADA	PUERTO CARREÑO
1118	VICHADA	LA PRIMAVERA
1119	VICHADA	SANTA ROSALIA
1120	VICHADA	CUMARIBO
1121	BOGOTA	BOGOTA D.C.
\.


--
-- Name: Coldeportes_ubicacion_codigo_seq; Type: SEQUENCE SET; Schema: public; Owner: anderojas
--

SELECT pg_catalog.setval('"Coldeportes_ubicacion_codigo_seq"', 1121, true);


--
-- Data for Name: auth_group; Type: TABLE DATA; Schema: public; Owner: anderojas
--

COPY auth_group (id, name) FROM stdin;
1	entidad
2	coldeportes
\.


--
-- Name: auth_group_id_seq; Type: SEQUENCE SET; Schema: public; Owner: anderojas
--

SELECT pg_catalog.setval('auth_group_id_seq', 2, true);


--
-- Data for Name: auth_group_permissions; Type: TABLE DATA; Schema: public; Owner: anderojas
--

COPY auth_group_permissions (id, group_id, permission_id) FROM stdin;
\.


--
-- Name: auth_group_permissions_id_seq; Type: SEQUENCE SET; Schema: public; Owner: anderojas
--

SELECT pg_catalog.setval('auth_group_permissions_id_seq', 1, false);


--
-- Data for Name: auth_permission; Type: TABLE DATA; Schema: public; Owner: anderojas
--

COPY auth_permission (id, name, content_type_id, codename) FROM stdin;
1	Can add log entry	1	add_logentry
2	Can change log entry	1	change_logentry
3	Can delete log entry	1	delete_logentry
4	Can add permission	2	add_permission
5	Can change permission	2	change_permission
6	Can delete permission	2	delete_permission
7	Can add group	3	add_group
8	Can change group	3	change_group
9	Can delete group	3	delete_group
10	Can add user	4	add_user
11	Can change user	4	change_user
12	Can delete user	4	delete_user
13	Can add content type	5	add_contenttype
14	Can change content type	5	change_contenttype
15	Can delete content type	5	delete_contenttype
16	Can add session	6	add_session
17	Can change session	6	change_session
18	Can delete session	6	delete_session
19	Can add site	7	add_site
20	Can change site	7	change_site
21	Can delete site	7	delete_site
22	Can add noticias	8	add_noticias
23	Can change noticias	8	change_noticias
24	Can delete noticias	8	delete_noticias
25	Can add ubicacion	9	add_ubicacion
26	Can change ubicacion	9	change_ubicacion
27	Can delete ubicacion	9	delete_ubicacion
28	Can add dedicacion	10	add_dedicacion
29	Can change dedicacion	10	change_dedicacion
30	Can delete dedicacion	10	delete_dedicacion
31	Can add entidad	11	add_entidad
32	Can change entidad	11	change_entidad
33	Can delete entidad	11	delete_entidad
34	Can add dedicacion entidad	12	add_dedicacionentidad
35	Can change dedicacion entidad	12	change_dedicacionentidad
36	Can delete dedicacion entidad	12	delete_dedicacionentidad
37	Can add escenarios	13	add_escenarios
38	Can change escenarios	13	change_escenarios
39	Can delete escenarios	13	delete_escenarios
40	Can add deportistas	14	add_deportistas
41	Can change deportistas	14	change_deportistas
42	Can delete deportistas	14	delete_deportistas
\.


--
-- Name: auth_permission_id_seq; Type: SEQUENCE SET; Schema: public; Owner: anderojas
--

SELECT pg_catalog.setval('auth_permission_id_seq', 42, true);


--
-- Data for Name: auth_user; Type: TABLE DATA; Schema: public; Owner: anderojas
--

COPY auth_user (id, password, last_login, is_superuser, username, first_name, last_name, email, is_staff, is_active, date_joined) FROM stdin;
1	pbkdf2_sha256$20000$A5Eu8kCJyzEu$tCcF2CIQfY+VF1lK+PQM/54TJJ2gu1wdyKey448apss=	2015-12-19 14:09:56.688948-05	t	anderojas				t	t	2015-12-03 18:57:24.560522-05
2	pbkdf2_sha256$20000$qLLu2V4FA4id$b/C5j22tQ69ary/zyY4fBD5VtA33539hehrAyVnwrfE=	2015-12-21 17:39:56.186774-05	f	coldeportes	Coldeportes		informacion@coldeportes.com	f	t	2015-12-03 20:55:20-05
8	pbkdf2_sha256$20000$I27tZ9q9NXLL$EJt9OpgUcCJ+8kQ3M3rhAIdEHR8dUhU3+m4arN8xp9A=	2015-12-21 18:27:59.91931-05	f	Indervalle				f	t	2015-12-11 00:21:17.227194-05
\.


--
-- Data for Name: auth_user_groups; Type: TABLE DATA; Schema: public; Owner: anderojas
--

COPY auth_user_groups (id, user_id, group_id) FROM stdin;
5	2	2
6	8	1
\.


--
-- Name: auth_user_groups_id_seq; Type: SEQUENCE SET; Schema: public; Owner: anderojas
--

SELECT pg_catalog.setval('auth_user_groups_id_seq', 6, true);


--
-- Name: auth_user_id_seq; Type: SEQUENCE SET; Schema: public; Owner: anderojas
--

SELECT pg_catalog.setval('auth_user_id_seq', 8, true);


--
-- Data for Name: auth_user_user_permissions; Type: TABLE DATA; Schema: public; Owner: anderojas
--

COPY auth_user_user_permissions (id, user_id, permission_id) FROM stdin;
43	2	1
44	2	2
45	2	3
46	2	4
47	2	5
48	2	6
49	2	7
50	2	8
51	2	9
52	2	10
53	2	11
54	2	12
55	2	13
56	2	14
57	2	15
58	2	16
59	2	17
60	2	18
61	2	19
62	2	20
63	2	21
64	2	22
65	2	23
66	2	24
67	2	25
68	2	26
69	2	27
70	2	28
71	2	29
72	2	30
73	2	31
74	2	32
75	2	33
76	2	34
77	2	35
78	2	36
79	2	37
80	2	38
81	2	39
82	2	40
83	2	41
84	2	42
\.


--
-- Name: auth_user_user_permissions_id_seq; Type: SEQUENCE SET; Schema: public; Owner: anderojas
--

SELECT pg_catalog.setval('auth_user_user_permissions_id_seq', 84, true);


--
-- Data for Name: django_admin_log; Type: TABLE DATA; Schema: public; Owner: anderojas
--

COPY django_admin_log (id, action_time, object_id, object_repr, action_flag, change_message, content_type_id, user_id) FROM stdin;
1	2015-12-03 20:50:29.461337-05	1	entidad	1		3	1
2	2015-12-03 20:50:34.397591-05	2	coldeportes	1		3	1
3	2015-12-03 20:55:20.177642-05	2	coldeportes	1		4	1
4	2015-12-03 20:55:52.080685-05	2	coldeportes	2	Modificado/a first_name, email, groups y user_permissions.	4	1
5	2015-12-06 00:26:22.031843-05	3	asodeporcali@deportivocali.co	2	Modificado/a password.	4	1
6	2015-12-11 00:09:34.259737-05	2	coldeportes	2	Modificado/a groups.	4	1
7	2015-12-19 14:19:52.660414-05	coldeportes	Departamento Administrativo del Deporte, la Recreacion, la Actividad Fisica y el Aprovechamiento del Tiempo Libre	1		11	1
\.


--
-- Name: django_admin_log_id_seq; Type: SEQUENCE SET; Schema: public; Owner: anderojas
--

SELECT pg_catalog.setval('django_admin_log_id_seq', 7, true);


--
-- Data for Name: django_content_type; Type: TABLE DATA; Schema: public; Owner: anderojas
--

COPY django_content_type (id, app_label, model) FROM stdin;
1	admin	logentry
2	auth	permission
3	auth	group
4	auth	user
5	contenttypes	contenttype
6	sessions	session
7	sites	site
8	noticias	noticias
9	Coldeportes	ubicacion
10	Coldeportes	dedicacion
11	Coldeportes	entidad
12	Coldeportes	dedicacionentidad
13	Coldeportes	escenarios
14	Coldeportes	deportistas
\.


--
-- Name: django_content_type_id_seq; Type: SEQUENCE SET; Schema: public; Owner: anderojas
--

SELECT pg_catalog.setval('django_content_type_id_seq', 14, true);


--
-- Data for Name: django_migrations; Type: TABLE DATA; Schema: public; Owner: anderojas
--

COPY django_migrations (id, app, name, applied) FROM stdin;
1	contenttypes	0001_initial	2015-12-03 18:54:36.901589-05
2	auth	0001_initial	2015-12-03 18:54:37.722593-05
3	Coldeportes	0001_initial	2015-12-03 18:54:38.755787-05
4	Coldeportes	0002_auto_20151128_2112	2015-12-03 18:54:39.223402-05
5	Coldeportes	0003_auto_20151128_2228	2015-12-03 18:54:39.437951-05
6	Coldeportes	0004_auto_20151203_1827	2015-12-03 18:54:39.715827-05
7	Coldeportes	0005_remove_entidad_direccion	2015-12-03 18:54:39.748527-05
8	Coldeportes	0006_entidad_direccion	2015-12-03 18:54:39.95964-05
9	admin	0001_initial	2015-12-03 18:54:40.171519-05
10	contenttypes	0002_remove_content_type_name	2015-12-03 18:54:40.247544-05
11	auth	0002_alter_permission_name_max_length	2015-12-03 18:54:40.280623-05
12	auth	0003_alter_user_email_max_length	2015-12-03 18:54:40.325092-05
13	auth	0004_alter_user_username_opts	2015-12-03 18:54:40.354326-05
14	auth	0005_alter_user_last_login_null	2015-12-03 18:54:40.391913-05
15	auth	0006_require_contenttypes_0002	2015-12-03 18:54:40.402514-05
16	noticias	0001_initial	2015-12-03 18:54:40.547552-05
17	sessions	0001_initial	2015-12-03 18:54:40.703983-05
18	sites	0001_initial	2015-12-03 18:54:40.769446-05
19	Coldeportes	0007_auto_20151204_0246	2015-12-04 02:46:13.13579-05
20	Coldeportes	0008_auto_20151204_0309	2015-12-04 03:09:17.830093-05
21	Coldeportes	0009_auto_20151204_1358	2015-12-04 13:58:50.260815-05
22	Coldeportes	0010_auto_20151204_1400	2015-12-04 14:00:10.116007-05
23	Coldeportes	0011_auto_20151210_1813	2015-12-10 18:13:53.211814-05
24	Coldeportes	0012_auto_20151210_2332	2015-12-10 23:32:50.675554-05
25	Coldeportes	0013_deportistas_entidad	2015-12-13 17:46:29.787126-05
26	Coldeportes	0014_auto_20151217_0018	2015-12-17 00:18:37.408314-05
27	Coldeportes	0015_auto_20151217_0018	2015-12-17 00:18:57.403173-05
28	Coldeportes	0016_auto_20151217_0023	2015-12-17 00:23:45.302093-05
29	Coldeportes	0017_auto_20151217_0024	2015-12-17 00:24:22.712884-05
30	Coldeportes	0018_auto_20151217_1217	2015-12-17 12:18:02.31649-05
31	Coldeportes	0019_auto_20151219_1448	2015-12-19 14:48:19.652498-05
32	noticias	0002_auto_20151219_1448	2015-12-19 14:48:19.952844-05
\.


--
-- Name: django_migrations_id_seq; Type: SEQUENCE SET; Schema: public; Owner: anderojas
--

SELECT pg_catalog.setval('django_migrations_id_seq', 32, true);


--
-- Data for Name: django_session; Type: TABLE DATA; Schema: public; Owner: anderojas
--

COPY django_session (session_key, session_data, expire_date) FROM stdin;
vlltu7ez6e0z4rqs0fibiru639y215gm	YTJjYmNiYWQyNTU4YjE4NzgyMWFlMDEyYzA0YWQ2MmY1ZjM4OTdmMzp7Il9hdXRoX3VzZXJfaWQiOiI4IiwiX2F1dGhfdXNlcl9oYXNoIjoiMDZhZGUwZjg3MDkyY2I1ODVmN2I4NmE4OTVhNWE1NWQxZWEwMTBkMSIsIl9hdXRoX3VzZXJfYmFja2VuZCI6ImRqYW5nby5jb250cmliLmF1dGguYmFja2VuZHMuTW9kZWxCYWNrZW5kIn0=	2016-01-04 18:27:59.975097-05
\.


--
-- Data for Name: django_site; Type: TABLE DATA; Schema: public; Owner: anderojas
--

COPY django_site (id, domain, name) FROM stdin;
1	example.com	example.com
\.


--
-- Name: django_site_id_seq; Type: SEQUENCE SET; Schema: public; Owner: anderojas
--

SELECT pg_catalog.setval('django_site_id_seq', 1, true);


--
-- Data for Name: noticias_noticias; Type: TABLE DATA; Schema: public; Owner: anderojas
--

COPY noticias_noticias (codigo, titulo, fecha, imagen, contenido, estado, entidad_id) FROM stdin;
201512080	Team Colombia no rodará más	2015-12-08	imagenes/team_colombia_elRyPqc.jpg	asdnjkasdnkasndkjasndkj	t	\N
201512190	Team Colombia no rodará más	2015-12-19	noticias/team_colombia.jpg	contenido actualizado	t	coldeportes
201512191	Miguel tiene madera para boxear	2015-12-19	noticias/miguel.jpg	Todo estaba listo, los papeles en orden, la adrenalina le recorría todo el cuerpo. Así se sentía Miguel Valencia, un boxeador bonaverense, que por tiempo y por ayudar a su familia económicamente, no pudo representar a última hora a la delegación del Valle en los Juegos del Litoral Pacífico.\r\n\r\nLa frustración se veía en sus ojos. Saber que por el trabajo no podía participar en las competencia lo deprimió, pero en el fondo tiene claro que su mamá, hermanos y estudios están primero que cualquier otra cosa. Y es que Miguel se ha convertido en uno de los pilares más fuertes de su casa, no sólo sobre el ring sino en la vida cotidiana.\r\n\r\nPero esta pasión va más allá, sin importar haberse quedado por fuera, trata de acompañar en cada pelea a sus amigos. Apoyo y consejos es lo que le ofrece al equipo vallecaucano. Desde abajo observa y le da pautas a sus compañeros de las debilidades y fortalezas que pueden explotar en cada combate. \r\n\r\n“Al verlos pelear y ganando medallas allá arriba me hace sentir un poco mal, pero sé que pronto llegará mi hora y todos ellos estarán conmigo disfrutando ese privilegio de estar en lo más alto del podio, así como yo les doy consejos ahora, más adelante escucharé de mis amigos esas palabras que me ayudarán a mejorar en cada pelea”, dice convencido.\r\n\r\nPor ahora con paciencia y mucha dedicación trabaja en una carpintería y entrena diariamente pensando en que algún día podrá darle a su familia todo lo que ha soñado con ayuda de su gran amor, el boxeo. “Toda las mañanas me despierto y lo único que me imagino es estar en un ring, quien quita que en los Olímpicos, escuchando como la gente grita mi nombre. El reconocimiento es lo que más me interesa, que mi mamá se sienta orgullosa, si puedo vivir de eso sería increíble”, apostilló Miguel.	t	Indervalle
\.


--
-- Name: Coldeportes_dedicacion_pkey; Type: CONSTRAINT; Schema: public; Owner: anderojas; Tablespace: 
--

ALTER TABLE ONLY "Coldeportes_dedicacion"
    ADD CONSTRAINT "Coldeportes_dedicacion_pkey" PRIMARY KEY (id);


--
-- Name: Coldeportes_dedicacionentidad_pkey; Type: CONSTRAINT; Schema: public; Owner: anderojas; Tablespace: 
--

ALTER TABLE ONLY "Coldeportes_dedicacionentidad"
    ADD CONSTRAINT "Coldeportes_dedicacionentidad_pkey" PRIMARY KEY (id);


--
-- Name: Coldeportes_deportistas_pkey; Type: CONSTRAINT; Schema: public; Owner: anderojas; Tablespace: 
--

ALTER TABLE ONLY "Coldeportes_deportistas"
    ADD CONSTRAINT "Coldeportes_deportistas_pkey" PRIMARY KEY (doc_identidad);


--
-- Name: Coldeportes_entidad_pkey; Type: CONSTRAINT; Schema: public; Owner: anderojas; Tablespace: 
--

ALTER TABLE ONLY "Coldeportes_entidad"
    ADD CONSTRAINT "Coldeportes_entidad_pkey" PRIMARY KEY (codigo);


--
-- Name: Coldeportes_entidad_usuario_id_key; Type: CONSTRAINT; Schema: public; Owner: anderojas; Tablespace: 
--

ALTER TABLE ONLY "Coldeportes_entidad"
    ADD CONSTRAINT "Coldeportes_entidad_usuario_id_key" UNIQUE (usuario_id);


--
-- Name: Coldeportes_escenarios_pkey; Type: CONSTRAINT; Schema: public; Owner: anderojas; Tablespace: 
--

ALTER TABLE ONLY "Coldeportes_escenarios"
    ADD CONSTRAINT "Coldeportes_escenarios_pkey" PRIMARY KEY (codigo);


--
-- Name: Coldeportes_escenarios_tipo_id_key; Type: CONSTRAINT; Schema: public; Owner: anderojas; Tablespace: 
--

ALTER TABLE ONLY "Coldeportes_escenarios"
    ADD CONSTRAINT "Coldeportes_escenarios_tipo_id_key" UNIQUE (tipo_id);


--
-- Name: Coldeportes_ubicacion_pkey; Type: CONSTRAINT; Schema: public; Owner: anderojas; Tablespace: 
--

ALTER TABLE ONLY "Coldeportes_ubicacion"
    ADD CONSTRAINT "Coldeportes_ubicacion_pkey" PRIMARY KEY (codigo);


--
-- Name: auth_group_name_key; Type: CONSTRAINT; Schema: public; Owner: anderojas; Tablespace: 
--

ALTER TABLE ONLY auth_group
    ADD CONSTRAINT auth_group_name_key UNIQUE (name);


--
-- Name: auth_group_permissions_group_id_permission_id_key; Type: CONSTRAINT; Schema: public; Owner: anderojas; Tablespace: 
--

ALTER TABLE ONLY auth_group_permissions
    ADD CONSTRAINT auth_group_permissions_group_id_permission_id_key UNIQUE (group_id, permission_id);


--
-- Name: auth_group_permissions_pkey; Type: CONSTRAINT; Schema: public; Owner: anderojas; Tablespace: 
--

ALTER TABLE ONLY auth_group_permissions
    ADD CONSTRAINT auth_group_permissions_pkey PRIMARY KEY (id);


--
-- Name: auth_group_pkey; Type: CONSTRAINT; Schema: public; Owner: anderojas; Tablespace: 
--

ALTER TABLE ONLY auth_group
    ADD CONSTRAINT auth_group_pkey PRIMARY KEY (id);


--
-- Name: auth_permission_content_type_id_codename_key; Type: CONSTRAINT; Schema: public; Owner: anderojas; Tablespace: 
--

ALTER TABLE ONLY auth_permission
    ADD CONSTRAINT auth_permission_content_type_id_codename_key UNIQUE (content_type_id, codename);


--
-- Name: auth_permission_pkey; Type: CONSTRAINT; Schema: public; Owner: anderojas; Tablespace: 
--

ALTER TABLE ONLY auth_permission
    ADD CONSTRAINT auth_permission_pkey PRIMARY KEY (id);


--
-- Name: auth_user_groups_pkey; Type: CONSTRAINT; Schema: public; Owner: anderojas; Tablespace: 
--

ALTER TABLE ONLY auth_user_groups
    ADD CONSTRAINT auth_user_groups_pkey PRIMARY KEY (id);


--
-- Name: auth_user_groups_user_id_group_id_key; Type: CONSTRAINT; Schema: public; Owner: anderojas; Tablespace: 
--

ALTER TABLE ONLY auth_user_groups
    ADD CONSTRAINT auth_user_groups_user_id_group_id_key UNIQUE (user_id, group_id);


--
-- Name: auth_user_pkey; Type: CONSTRAINT; Schema: public; Owner: anderojas; Tablespace: 
--

ALTER TABLE ONLY auth_user
    ADD CONSTRAINT auth_user_pkey PRIMARY KEY (id);


--
-- Name: auth_user_user_permissions_pkey; Type: CONSTRAINT; Schema: public; Owner: anderojas; Tablespace: 
--

ALTER TABLE ONLY auth_user_user_permissions
    ADD CONSTRAINT auth_user_user_permissions_pkey PRIMARY KEY (id);


--
-- Name: auth_user_user_permissions_user_id_permission_id_key; Type: CONSTRAINT; Schema: public; Owner: anderojas; Tablespace: 
--

ALTER TABLE ONLY auth_user_user_permissions
    ADD CONSTRAINT auth_user_user_permissions_user_id_permission_id_key UNIQUE (user_id, permission_id);


--
-- Name: auth_user_username_key; Type: CONSTRAINT; Schema: public; Owner: anderojas; Tablespace: 
--

ALTER TABLE ONLY auth_user
    ADD CONSTRAINT auth_user_username_key UNIQUE (username);


--
-- Name: django_admin_log_pkey; Type: CONSTRAINT; Schema: public; Owner: anderojas; Tablespace: 
--

ALTER TABLE ONLY django_admin_log
    ADD CONSTRAINT django_admin_log_pkey PRIMARY KEY (id);


--
-- Name: django_content_type_app_label_5c3020914c8d939f_uniq; Type: CONSTRAINT; Schema: public; Owner: anderojas; Tablespace: 
--

ALTER TABLE ONLY django_content_type
    ADD CONSTRAINT django_content_type_app_label_5c3020914c8d939f_uniq UNIQUE (app_label, model);


--
-- Name: django_content_type_pkey; Type: CONSTRAINT; Schema: public; Owner: anderojas; Tablespace: 
--

ALTER TABLE ONLY django_content_type
    ADD CONSTRAINT django_content_type_pkey PRIMARY KEY (id);


--
-- Name: django_migrations_pkey; Type: CONSTRAINT; Schema: public; Owner: anderojas; Tablespace: 
--

ALTER TABLE ONLY django_migrations
    ADD CONSTRAINT django_migrations_pkey PRIMARY KEY (id);


--
-- Name: django_session_pkey; Type: CONSTRAINT; Schema: public; Owner: anderojas; Tablespace: 
--

ALTER TABLE ONLY django_session
    ADD CONSTRAINT django_session_pkey PRIMARY KEY (session_key);


--
-- Name: django_site_pkey; Type: CONSTRAINT; Schema: public; Owner: anderojas; Tablespace: 
--

ALTER TABLE ONLY django_site
    ADD CONSTRAINT django_site_pkey PRIMARY KEY (id);


--
-- Name: noticias_noticias_pkey; Type: CONSTRAINT; Schema: public; Owner: anderojas; Tablespace: 
--

ALTER TABLE ONLY noticias_noticias
    ADD CONSTRAINT noticias_noticias_pkey PRIMARY KEY (codigo);


--
-- Name: Coldeportes_dedicacionentidad_136df84d; Type: INDEX; Schema: public; Owner: anderojas; Tablespace: 
--

CREATE INDEX "Coldeportes_dedicacionentidad_136df84d" ON "Coldeportes_dedicacionentidad" USING btree (dedicacion_id);


--
-- Name: Coldeportes_dedicacionentidad_40453fac; Type: INDEX; Schema: public; Owner: anderojas; Tablespace: 
--

CREATE INDEX "Coldeportes_dedicacionentidad_40453fac" ON "Coldeportes_dedicacionentidad" USING btree (entidad_id);


--
-- Name: Coldeportes_deportistas_40453fac; Type: INDEX; Schema: public; Owner: anderojas; Tablespace: 
--

CREATE INDEX "Coldeportes_deportistas_40453fac" ON "Coldeportes_deportistas" USING btree (entidad_id);


--
-- Name: Coldeportes_entidad_c0b82519; Type: INDEX; Schema: public; Owner: anderojas; Tablespace: 
--

CREATE INDEX "Coldeportes_entidad_c0b82519" ON "Coldeportes_entidad" USING btree (ubicacion_id);


--
-- Name: Coldeportes_entidad_codigo_5ccef183c3eed6fc_like; Type: INDEX; Schema: public; Owner: anderojas; Tablespace: 
--

CREATE INDEX "Coldeportes_entidad_codigo_5ccef183c3eed6fc_like" ON "Coldeportes_entidad" USING btree (codigo varchar_pattern_ops);


--
-- Name: Coldeportes_escenarios_40453fac; Type: INDEX; Schema: public; Owner: anderojas; Tablespace: 
--

CREATE INDEX "Coldeportes_escenarios_40453fac" ON "Coldeportes_escenarios" USING btree (entidad_id);


--
-- Name: Coldeportes_escenarios_c0b82519; Type: INDEX; Schema: public; Owner: anderojas; Tablespace: 
--

CREATE INDEX "Coldeportes_escenarios_c0b82519" ON "Coldeportes_escenarios" USING btree (ubicacion_id);


--
-- Name: Coldeportes_escenarios_codigo_3190dfd1507a75ac_like; Type: INDEX; Schema: public; Owner: anderojas; Tablespace: 
--

CREATE INDEX "Coldeportes_escenarios_codigo_3190dfd1507a75ac_like" ON "Coldeportes_escenarios" USING btree (codigo varchar_pattern_ops);


--
-- Name: Coldeportes_escenarios_entidad_id_2161232f219499ca_like; Type: INDEX; Schema: public; Owner: anderojas; Tablespace: 
--

CREATE INDEX "Coldeportes_escenarios_entidad_id_2161232f219499ca_like" ON "Coldeportes_escenarios" USING btree (entidad_id varchar_pattern_ops);


--
-- Name: auth_group_name_2dc8d517b6a3263_like; Type: INDEX; Schema: public; Owner: anderojas; Tablespace: 
--

CREATE INDEX auth_group_name_2dc8d517b6a3263_like ON auth_group USING btree (name varchar_pattern_ops);


--
-- Name: auth_group_permissions_0e939a4f; Type: INDEX; Schema: public; Owner: anderojas; Tablespace: 
--

CREATE INDEX auth_group_permissions_0e939a4f ON auth_group_permissions USING btree (group_id);


--
-- Name: auth_group_permissions_8373b171; Type: INDEX; Schema: public; Owner: anderojas; Tablespace: 
--

CREATE INDEX auth_group_permissions_8373b171 ON auth_group_permissions USING btree (permission_id);


--
-- Name: auth_permission_417f1b1c; Type: INDEX; Schema: public; Owner: anderojas; Tablespace: 
--

CREATE INDEX auth_permission_417f1b1c ON auth_permission USING btree (content_type_id);


--
-- Name: auth_user_groups_0e939a4f; Type: INDEX; Schema: public; Owner: anderojas; Tablespace: 
--

CREATE INDEX auth_user_groups_0e939a4f ON auth_user_groups USING btree (group_id);


--
-- Name: auth_user_groups_e8701ad4; Type: INDEX; Schema: public; Owner: anderojas; Tablespace: 
--

CREATE INDEX auth_user_groups_e8701ad4 ON auth_user_groups USING btree (user_id);


--
-- Name: auth_user_user_permissions_8373b171; Type: INDEX; Schema: public; Owner: anderojas; Tablespace: 
--

CREATE INDEX auth_user_user_permissions_8373b171 ON auth_user_user_permissions USING btree (permission_id);


--
-- Name: auth_user_user_permissions_e8701ad4; Type: INDEX; Schema: public; Owner: anderojas; Tablespace: 
--

CREATE INDEX auth_user_user_permissions_e8701ad4 ON auth_user_user_permissions USING btree (user_id);


--
-- Name: auth_user_username_1e17505614d40b3_like; Type: INDEX; Schema: public; Owner: anderojas; Tablespace: 
--

CREATE INDEX auth_user_username_1e17505614d40b3_like ON auth_user USING btree (username varchar_pattern_ops);


--
-- Name: django_admin_log_417f1b1c; Type: INDEX; Schema: public; Owner: anderojas; Tablespace: 
--

CREATE INDEX django_admin_log_417f1b1c ON django_admin_log USING btree (content_type_id);


--
-- Name: django_admin_log_e8701ad4; Type: INDEX; Schema: public; Owner: anderojas; Tablespace: 
--

CREATE INDEX django_admin_log_e8701ad4 ON django_admin_log USING btree (user_id);


--
-- Name: django_session_de54fa62; Type: INDEX; Schema: public; Owner: anderojas; Tablespace: 
--

CREATE INDEX django_session_de54fa62 ON django_session USING btree (expire_date);


--
-- Name: django_session_session_key_6c52f3315b6e35aa_like; Type: INDEX; Schema: public; Owner: anderojas; Tablespace: 
--

CREATE INDEX django_session_session_key_6c52f3315b6e35aa_like ON django_session USING btree (session_key varchar_pattern_ops);


--
-- Name: noticias_noticias_40453fac; Type: INDEX; Schema: public; Owner: anderojas; Tablespace: 
--

CREATE INDEX noticias_noticias_40453fac ON noticias_noticias USING btree (entidad_id);


--
-- Name: noticias_noticias_codigo_386c9e72ebfce505_like; Type: INDEX; Schema: public; Owner: anderojas; Tablespace: 
--

CREATE INDEX noticias_noticias_codigo_386c9e72ebfce505_like ON noticias_noticias USING btree (codigo varchar_pattern_ops);


--
-- Name: C_ubicacion_id_33631042d53f0b78_fk_Coldeportes_ubicacion_codigo; Type: FK CONSTRAINT; Schema: public; Owner: anderojas
--

ALTER TABLE ONLY "Coldeportes_entidad"
    ADD CONSTRAINT "C_ubicacion_id_33631042d53f0b78_fk_Coldeportes_ubicacion_codigo" FOREIGN KEY (ubicacion_id) REFERENCES "Coldeportes_ubicacion"(codigo) DEFERRABLE INITIALLY DEFERRED;


--
-- Name: C_ubicacion_id_482da3b5107315a8_fk_Coldeportes_ubicacion_codigo; Type: FK CONSTRAINT; Schema: public; Owner: anderojas
--

ALTER TABLE ONLY "Coldeportes_escenarios"
    ADD CONSTRAINT "C_ubicacion_id_482da3b5107315a8_fk_Coldeportes_ubicacion_codigo" FOREIGN KEY (ubicacion_id) REFERENCES "Coldeportes_ubicacion"(codigo) DEFERRABLE INITIALLY DEFERRED;


--
-- Name: Col_dedicacion_id_282e82ed1481a25f_fk_Coldeportes_dedicacion_id; Type: FK CONSTRAINT; Schema: public; Owner: anderojas
--

ALTER TABLE ONLY "Coldeportes_dedicacionentidad"
    ADD CONSTRAINT "Col_dedicacion_id_282e82ed1481a25f_fk_Coldeportes_dedicacion_id" FOREIGN KEY (dedicacion_id) REFERENCES "Coldeportes_dedicacion"(id) DEFERRABLE INITIALLY DEFERRED;


--
-- Name: Colde_entidad_id_112d00131d3218fd_fk_Coldeportes_entidad_codigo; Type: FK CONSTRAINT; Schema: public; Owner: anderojas
--

ALTER TABLE ONLY "Coldeportes_deportistas"
    ADD CONSTRAINT "Colde_entidad_id_112d00131d3218fd_fk_Coldeportes_entidad_codigo" FOREIGN KEY (entidad_id) REFERENCES "Coldeportes_entidad"(codigo) DEFERRABLE INITIALLY DEFERRED;


--
-- Name: Coldeport_tipo_id_7c997a605d35383e_fk_Coldeportes_dedicacion_id; Type: FK CONSTRAINT; Schema: public; Owner: anderojas
--

ALTER TABLE ONLY "Coldeportes_escenarios"
    ADD CONSTRAINT "Coldeport_tipo_id_7c997a605d35383e_fk_Coldeportes_dedicacion_id" FOREIGN KEY (tipo_id) REFERENCES "Coldeportes_dedicacion"(id) DEFERRABLE INITIALLY DEFERRED;


--
-- Name: Coldeportes_dedicacionentidad_entidad_id_6eb0e3ea9e4ed76a_fk; Type: FK CONSTRAINT; Schema: public; Owner: anderojas
--

ALTER TABLE ONLY "Coldeportes_dedicacionentidad"
    ADD CONSTRAINT "Coldeportes_dedicacionentidad_entidad_id_6eb0e3ea9e4ed76a_fk" FOREIGN KEY (entidad_id) REFERENCES "Coldeportes_entidad"(codigo) DEFERRABLE INITIALLY DEFERRED;


--
-- Name: Coldeportes_entidad_usuario_id_6dd54b7499418ec8_fk_auth_user_id; Type: FK CONSTRAINT; Schema: public; Owner: anderojas
--

ALTER TABLE ONLY "Coldeportes_entidad"
    ADD CONSTRAINT "Coldeportes_entidad_usuario_id_6dd54b7499418ec8_fk_auth_user_id" FOREIGN KEY (usuario_id) REFERENCES auth_user(id) DEFERRABLE INITIALLY DEFERRED;


--
-- Name: Coldeportes_escenarios_entidad_id_184d23bda1c2bd1_fk; Type: FK CONSTRAINT; Schema: public; Owner: anderojas
--

ALTER TABLE ONLY "Coldeportes_escenarios"
    ADD CONSTRAINT "Coldeportes_escenarios_entidad_id_184d23bda1c2bd1_fk" FOREIGN KEY (entidad_id) REFERENCES "Coldeportes_entidad"(codigo) DEFERRABLE INITIALLY DEFERRED;


--
-- Name: auth__content_type_id_54209b827567ea5_fk_django_content_type_id; Type: FK CONSTRAINT; Schema: public; Owner: anderojas
--

ALTER TABLE ONLY auth_permission
    ADD CONSTRAINT auth__content_type_id_54209b827567ea5_fk_django_content_type_id FOREIGN KEY (content_type_id) REFERENCES django_content_type(id) DEFERRABLE INITIALLY DEFERRED;


--
-- Name: auth_group_permissio_group_id_47ac850a3145ffe3_fk_auth_group_id; Type: FK CONSTRAINT; Schema: public; Owner: anderojas
--

ALTER TABLE ONLY auth_group_permissions
    ADD CONSTRAINT auth_group_permissio_group_id_47ac850a3145ffe3_fk_auth_group_id FOREIGN KEY (group_id) REFERENCES auth_group(id) DEFERRABLE INITIALLY DEFERRED;


--
-- Name: auth_group_permission_id_2ff7f9341127d136_fk_auth_permission_id; Type: FK CONSTRAINT; Schema: public; Owner: anderojas
--

ALTER TABLE ONLY auth_group_permissions
    ADD CONSTRAINT auth_group_permission_id_2ff7f9341127d136_fk_auth_permission_id FOREIGN KEY (permission_id) REFERENCES auth_permission(id) DEFERRABLE INITIALLY DEFERRED;


--
-- Name: auth_user__permission_id_26910c9329526011_fk_auth_permission_id; Type: FK CONSTRAINT; Schema: public; Owner: anderojas
--

ALTER TABLE ONLY auth_user_user_permissions
    ADD CONSTRAINT auth_user__permission_id_26910c9329526011_fk_auth_permission_id FOREIGN KEY (permission_id) REFERENCES auth_permission(id) DEFERRABLE INITIALLY DEFERRED;


--
-- Name: auth_user_groups_group_id_5aa3cb22947eff78_fk_auth_group_id; Type: FK CONSTRAINT; Schema: public; Owner: anderojas
--

ALTER TABLE ONLY auth_user_groups
    ADD CONSTRAINT auth_user_groups_group_id_5aa3cb22947eff78_fk_auth_group_id FOREIGN KEY (group_id) REFERENCES auth_group(id) DEFERRABLE INITIALLY DEFERRED;


--
-- Name: auth_user_groups_user_id_6fb090033eeddb61_fk_auth_user_id; Type: FK CONSTRAINT; Schema: public; Owner: anderojas
--

ALTER TABLE ONLY auth_user_groups
    ADD CONSTRAINT auth_user_groups_user_id_6fb090033eeddb61_fk_auth_user_id FOREIGN KEY (user_id) REFERENCES auth_user(id) DEFERRABLE INITIALLY DEFERRED;


--
-- Name: auth_user_user_permiss_user_id_373aa099c6b57f1b_fk_auth_user_id; Type: FK CONSTRAINT; Schema: public; Owner: anderojas
--

ALTER TABLE ONLY auth_user_user_permissions
    ADD CONSTRAINT auth_user_user_permiss_user_id_373aa099c6b57f1b_fk_auth_user_id FOREIGN KEY (user_id) REFERENCES auth_user(id) DEFERRABLE INITIALLY DEFERRED;


--
-- Name: djang_content_type_id_cfbe8f703ae2be1_fk_django_content_type_id; Type: FK CONSTRAINT; Schema: public; Owner: anderojas
--

ALTER TABLE ONLY django_admin_log
    ADD CONSTRAINT djang_content_type_id_cfbe8f703ae2be1_fk_django_content_type_id FOREIGN KEY (content_type_id) REFERENCES django_content_type(id) DEFERRABLE INITIALLY DEFERRED;


--
-- Name: django_admin_log_user_id_427332bf107238c6_fk_auth_user_id; Type: FK CONSTRAINT; Schema: public; Owner: anderojas
--

ALTER TABLE ONLY django_admin_log
    ADD CONSTRAINT django_admin_log_user_id_427332bf107238c6_fk_auth_user_id FOREIGN KEY (user_id) REFERENCES auth_user(id) DEFERRABLE INITIALLY DEFERRED;


--
-- Name: notic_entidad_id_293fac0b2c3e234f_fk_Coldeportes_entidad_codigo; Type: FK CONSTRAINT; Schema: public; Owner: anderojas
--

ALTER TABLE ONLY noticias_noticias
    ADD CONSTRAINT "notic_entidad_id_293fac0b2c3e234f_fk_Coldeportes_entidad_codigo" FOREIGN KEY (entidad_id) REFERENCES "Coldeportes_entidad"(codigo) DEFERRABLE INITIALLY DEFERRED;


--
-- Name: public; Type: ACL; Schema: -; Owner: postgres
--

REVOKE ALL ON SCHEMA public FROM PUBLIC;
REVOKE ALL ON SCHEMA public FROM postgres;
GRANT ALL ON SCHEMA public TO postgres;
GRANT ALL ON SCHEMA public TO PUBLIC;


--
-- PostgreSQL database dump complete
--

